Source File	Size	loadResources	load-configure	scan	loadDepInfo	loadInfo	load	generateSnapshots	checkR4R4B	generateNarratives	validate	loadLists	checkConformanceResources	checkConformanceResources2	checkConformanceResources3	generateLogicalMaps	validateExpressions	scanForUsageStats	checkURLsUnique	processProvenanceDetails	generate1	generate2	responsesForQuestionnaire	generateLogicals	makeDependencies	generateExampleZip	generateValidationPack	scanProfilesForR5	scanExamplesForR5
/fsh-generated/resources/ImplementationGuide-smart.who.int.hiv.json	203614	-	0	0	0	0	0	0	17	637	0	0	0	0	0	0	0	5	0	0	579	870	0	0	0	0	25	0	8
fsh-generated/resources/ActivityDefinition-HIVB9DTScheduleFollowUp.json	1518	7	0	0	0	0	0	0	1	25	0	0	0	0	0	0	0	0	0	0	40	49	0	0	0	0	1	0	0
fsh-generated/resources/ActivityDefinition-HIVGuidanceCommunicationRequestActivity.json	1402	7	1	0	0	0	0	0	0	17	0	0	0	0	0	0	0	0	0	0	26	43	0	0	0	0	0	0	0
fsh-generated/resources/ActorDefinition-Client.json	709	4	0	0	0	0	0	0	0	20	0	0	0	0	0	0	0	0	0	0	22	58	0	0	0	0	0	0	0
fsh-generated/resources/ActorDefinition-CommunityHealthWorker.json	976	5	0	0	0	0	0	0	0	15	0	0	0	0	0	0	0	0	0	0	22	51	0	0	0	0	0	0	0
fsh-generated/resources/ActorDefinition-DataEntryClerk.json	754	5	0	0	0	0	0	0	0	9	0	0	0	0	0	0	0	0	0	0	22	52	0	0	0	0	1	0	0
fsh-generated/resources/ActorDefinition-DistrictHealthInformationOfficer.json	772	5	0	0	0	0	0	0	0	9	0	0	0	0	0	0	0	0	0	0	21	49	0	0	0	0	0	0	0
fsh-generated/resources/ActorDefinition-KeyPopulations.json	1023	4	0	0	0	0	0	0	0	8	0	0	0	0	0	0	0	0	0	0	24	48	0	0	0	0	0	0	0
fsh-generated/resources/ActorDefinition-LabTechnician.json	747	5	1	0	0	0	0	0	0	11	0	0	0	0	0	0	0	0	0	0	22	47	0	0	0	0	0	0	0
fsh-generated/resources/ActorDefinition-Nurse.json	708	5	0	0	0	0	0	0	0	14	0	1	0	0	0	0	0	0	0	0	24	49	0	0	0	0	0	0	0
fsh-generated/resources/ActorDefinition-Pharmacist.json	688	6	0	0	0	0	0	0	0	9	0	0	0	0	0	0	0	0	0	0	23	42	0	0	0	0	0	0	0
fsh-generated/resources/ActorDefinition-Physician.json	812	4	0	0	0	0	0	0	0	8	0	0	0	0	0	0	0	0	0	0	21	30	0	0	0	0	0	0	1
fsh-generated/resources/ActorDefinition-SpecialPopulationClient.json	771	5	1	0	0	0	0	0	0	9	0	0	0	0	0	0	0	0	0	0	21	31	0	0	0	0	1	0	0
fsh-generated/resources/ActorDefinition-SpecialistMedicalDoctor.json	933	5	0	0	0	0	0	0	0	8	0	0	0	0	0	0	0	0	0	0	22	30	0	0	0	0	0	0	0
fsh-generated/resources/ActorDefinition-TrainedLayProvider.json	708	5	0	0	0	0	0	0	0	9	0	0	0	0	0	0	0	0	0	0	20	30	0	0	0	0	0	0	0
fsh-generated/resources/ActorDefinition-TrainedNonPhysicianClinician.json	1011	5	0	0	0	0	0	0	0	9	0	0	0	0	0	0	0	0	0	0	27	34	0	0	0	0	0	0	0
fsh-generated/resources/CodeSystem-HIVConcepts.json	361420	28	2	0	1	0	0	0	14	730	0	0	3	0	0	0	0	3	0	0	1011	4590	0	0	0	0	56	0	5
fsh-generated/resources/Condition-ExampleElevatedHivRiskCondition.json	559	5	0	0	0	0	0	0	0	80	0	0	0	0	0	0	0	1	0	0	19	30	0	0	0	0	0	0	0
fsh-generated/resources/Condition-ExampleHivInvasiveCervicalCancerDiagnosis.json	1053	5	0	0	0	0	0	0	0	2	0	0	0	0	0	0	0	0	0	0	20	23	0	0	0	0	0	0	0
fsh-generated/resources/Condition-ExampleHivPositiveCondition.json	736	4	0	0	0	0	0	0	0	4	0	0	0	0	0	0	0	0	0	0	20	23	0	0	0	0	0	0	0
fsh-generated/resources/ExampleScenario-HIV.A.REGISTRATION.json	4397	4	0	0	0	0	0	0	0	32	0	0	0	0	0	0	0	0	0	0	33	410	0	0	0	0	1	0	0
fsh-generated/resources/ExampleScenario-HIV.B.HIVtesting.json	8377	5	0	0	0	0	0	0	0	23	0	0	0	0	0	0	0	0	0	0	43	144	0	0	0	0	0	0	0
fsh-generated/resources/ExampleScenario-HIV.PrEP.Visit.Scenario.json	6300	4	0	0	0	0	0	0	1	18	0	0	0	0	0	0	0	0	0	0	36	91	0	0	0	0	0	0	0
fsh-generated/resources/Library-HIVB2DTLogic.json	1013	5	0	0	0	0	0	0	0	688	0	0	0	0	0	0	0	0	0	0	348	46	0	0	0	0	15	0	0
fsh-generated/resources/Library-HIVB7DTLogic.json	1048	4	0	0	0	1	0	0	0	20	0	0	0	0	0	0	0	0	0	0	99	28	0	0	0	0	3	0	0
fsh-generated/resources/Library-HIVB9DTLogic.json	1013	4	0	0	0	0	0	0	0	16	0	0	0	0	0	0	0	0	0	0	55	21	0	0	0	0	1	0	0
fsh-generated/resources/Library-HIVC23DTLogic.json	1019	4	1	0	0	0	0	0	0	21	0	0	0	0	0	0	0	0	0	0	304	36	0	0	0	0	14	0	0
fsh-generated/resources/Library-HIVC7DTLogic.json	1013	4	0	0	0	0	0	0	0	14	0	0	0	0	0	0	0	0	0	0	97	29	0	0	0	0	1	0	0
fsh-generated/resources/Library-HIVCommon.json	1024	5	0	0	0	0	0	0	0	13	0	0	0	0	0	0	0	0	0	0	1281	92	0	0	0	0	77	0	1
fsh-generated/resources/Library-HIVConcepts.json	1036	4	0	0	0	0	0	0	2	58	0	0	0	0	0	0	0	0	0	0	3370	229	0	0	0	0	104	0	0
fsh-generated/resources/Library-HIVConceptsCustom.json	1072	4	0	0	0	0	0	0	0	57	0	0	0	0	0	0	0	0	0	0	197	28	0	0	0	0	6	0	0
fsh-generated/resources/Library-HIVConfig.json	1024	4	0	0	0	0	0	0	0	12	0	0	0	0	0	0	0	0	0	0	47	20	0	0	0	0	1	0	0
fsh-generated/resources/Library-HIVD12DTLogic.json	1019	4	0	0	0	0	0	0	1	25	0	0	0	0	0	0	0	0	0	0	471	48	0	0	0	0	18	0	0
fsh-generated/resources/Library-HIVD4DTLogic.json	1013	5	0	0	0	0	0	0	0	21	0	0	0	0	0	0	0	0	0	0	363	42	0	0	0	0	16	0	0
fsh-generated/resources/Library-HIVElements.json	1036	4	1	0	0	0	0	0	0	59	0	0	0	0	0	0	0	1	0	0	31629	2238	0	0	0	0	1412	0	0
fsh-generated/resources/Library-HIVEncounterElements.json	1090	4	0	0	0	0	0	0	0	29	0	0	0	0	0	0	0	0	0	0	17749	1180	0	0	0	0	791	0	0
fsh-generated/resources/Library-HIVIND11Logic.json	1105	4	0	0	0	0	0	0	0	9	0	0	0	0	0	0	0	0	0	0	45	22	0	0	0	0	2	0	0
fsh-generated/resources/Library-HIVIND12Logic.json	1078	4	0	0	0	0	0	0	0	14	0	0	0	0	0	0	0	0	0	0	148	27	0	0	0	0	6	0	0
fsh-generated/resources/Library-HIVIND13Logic.json	1070	4	0	0	0	0	0	0	0	17	0	0	0	0	0	0	0	0	0	0	149	29	0	0	0	0	7	0	0
fsh-generated/resources/Library-HIVIND14Logic.json	1106	5	0	0	0	0	0	0	1	18	0	0	0	0	0	0	0	0	0	0	174	30	0	0	0	0	8	0	0
fsh-generated/resources/Library-HIVIND15Logic.json	1132	4	0	0	0	0	0	0	0	14	0	0	0	0	0	0	0	0	0	0	132	28	0	0	0	0	6	0	0
fsh-generated/resources/Library-HIVIND16Logic.json	1067	4	0	0	0	0	0	0	0	15	0	0	0	0	0	0	0	0	0	0	184	32	0	0	0	0	9	0	0
fsh-generated/resources/Library-HIVIND18Logic.json	1067	4	1	0	0	0	0	0	0	16	0	0	0	0	0	0	0	0	0	0	144	33	0	0	0	0	7	0	0
fsh-generated/resources/Library-HIVIND19Logic.json	1107	4	0	0	0	0	0	0	0	14	0	0	0	0	0	0	0	0	0	0	162	30	0	0	0	0	7	0	0
fsh-generated/resources/Library-HIVIND20Logic.json	1083	4	0	0	0	0	0	0	0	12	0	0	0	0	0	0	0	0	0	0	220	34	0	0	0	0	11	0	0
fsh-generated/resources/Library-HIVIND21Logic.json	1056	5	0	0	0	0	0	0	1	14	0	0	0	0	0	0	0	0	0	0	278	39	0	0	0	0	15	0	0
fsh-generated/resources/Library-HIVIND22Logic.json	1112	4	0	0	0	0	0	0	0	18	0	0	0	0	0	0	0	0	0	0	267	120	0	0	0	0	12	0	0
fsh-generated/resources/Library-HIVIND24Logic.json	1174	4	0	0	0	0	0	0	0	20	0	0	0	0	0	0	0	0	0	0	503	51	0	0	0	0	21	0	0
fsh-generated/resources/Library-HIVIND25Logic.json	1110	4	0	0	0	0	0	0	0	16	0	0	0	0	0	0	0	0	0	0	151	29	0	0	0	0	6	0	0
fsh-generated/resources/Library-HIVIND27Logic.json	1100	4	0	0	0	0	0	0	0	12	0	0	0	0	0	0	0	0	0	0	334	39	0	0	0	0	15	0	0
fsh-generated/resources/Library-HIVIND28Logic.json	1218	4	0	0	0	0	0	0	1	15	0	0	0	0	0	0	0	0	0	0	498	52	0	0	0	0	26	0	0
fsh-generated/resources/Library-HIVIND29Logic.json	1096	4	0	0	0	0	0	0	0	11	0	0	0	0	0	0	0	0	0	0	273	36	0	0	0	0	13	0	0
fsh-generated/resources/Library-HIVIND2Logic.json	1074	4	1	0	0	0	0	0	0	15	0	0	0	0	0	0	0	0	0	0	186	30	0	0	0	0	8	0	0
fsh-generated/resources/Library-HIVIND30Logic.json	1053	4	0	0	0	0	0	0	0	11	0	0	0	0	0	0	0	0	0	0	139	25	0	0	0	0	5	0	0
fsh-generated/resources/Library-HIVIND31Logic.json	1082	3	0	0	0	0	0	0	0	11	0	0	0	0	0	0	0	0	0	0	209	32	0	0	0	0	17	0	1
fsh-generated/resources/Library-HIVIND32Logic.json	1092	4	0	0	0	0	0	0	0	11	0	0	0	0	0	0	0	0	0	0	263	35	0	0	0	0	14	0	0
fsh-generated/resources/Library-HIVIND33Logic.json	1123	4	0	0	0	0	0	0	1	12	0	0	0	0	0	0	0	0	0	0	216	32	0	0	0	0	9	0	0
fsh-generated/resources/Library-HIVIND34Logic.json	1131	4	0	0	0	0	0	0	0	11	0	0	0	0	0	0	0	0	0	0	200	31	0	0	0	0	9	0	0
fsh-generated/resources/Library-HIVIND35Logic.json	1057	4	0	0	0	0	0	0	0	12	0	0	0	0	0	0	0	0	0	0	384	44	0	0	0	0	17	0	0
fsh-generated/resources/Library-HIVIND37Logic.json	1085	4	0	0	0	0	0	0	0	12	0	0	0	0	0	0	0	1	0	0	219	35	0	0	0	0	11	0	0
fsh-generated/resources/Library-HIVIND38Logic.json	1109	5	0	0	0	0	0	0	0	14	0	0	0	0	0	0	0	0	0	0	181	30	0	0	0	0	8	0	0
fsh-generated/resources/Library-HIVIND39Logic.json	1057	4	1	0	0	0	0	0	0	10	0	0	0	0	0	0	0	0	0	0	110	24	0	0	0	0	4	0	0
fsh-generated/resources/Library-HIVIND3Logic.json	1094	4	0	0	0	0	0	0	1	12	0	0	0	0	0	0	0	0	0	0	205	31	0	0	0	0	9	0	0
fsh-generated/resources/Library-HIVIND40Logic.json	1099	4	0	0	0	0	0	0	0	11	0	0	0	0	0	0	0	0	0	0	118	24	0	0	0	0	4	0	0
fsh-generated/resources/Library-HIVIND41Logic.json	1106	4	0	0	0	0	0	0	0	10	0	0	0	0	0	0	0	0	0	0	86	22	0	0	0	0	2	0	0
fsh-generated/resources/Library-HIVIND42Logic.json	1067	4	0	0	0	0	0	0	0	11	0	0	0	0	0	0	0	0	0	0	91	22	0	0	0	0	2	0	0
fsh-generated/resources/Library-HIVIND43Logic.json	1104	4	0	0	0	0	0	0	0	12	0	0	0	0	0	0	0	0	0	0	90	23	0	0	0	0	2	0	0
fsh-generated/resources/Library-HIVIND44Logic.json	1095	4	0	0	0	0	0	0	0	12	0	0	0	0	0	0	0	0	0	0	161	27	0	0	0	0	8	0	0
fsh-generated/resources/Library-HIVIND45Logic.json	1128	4	0	0	0	0	0	0	0	13	0	0	0	0	0	0	0	0	0	0	183	29	0	0	0	1	8	0	0
fsh-generated/resources/Library-HIVIND46Logic.json	1147	5	1	0	0	0	0	0	1	12	0	0	0	0	0	0	0	0	0	0	209	31	0	0	0	0	9	0	0
fsh-generated/resources/Library-HIVIND47Logic.json	1080	4	0	0	0	0	0	0	0	11	0	0	0	0	0	0	0	0	0	0	180	30	0	0	0	0	8	0	0
fsh-generated/resources/Library-HIVIND48Logic.json	1078	4	0	0	0	0	0	0	0	12	0	0	0	0	0	0	0	0	0	0	163	29	0	0	0	0	6	0	0
fsh-generated/resources/Library-HIVIND49Logic.json	1113	4	0	0	0	0	0	0	0	15	0	0	0	0	0	0	0	0	0	0	165	29	0	0	0	0	7	0	0
fsh-generated/resources/Library-HIVIND4Logic.json	1037	4	0	0	0	0	0	0	0	11	0	0	0	0	0	0	0	0	0	0	183	31	0	0	0	0	8	0	0
fsh-generated/resources/Library-HIVIND50Logic.json	1118	4	0	0	0	0	0	0	0	11	0	0	0	0	0	0	0	0	0	0	201	32	0	0	0	0	9	0	0
fsh-generated/resources/Library-HIVIND51Logic.json	1112	4	0	0	0	0	0	0	1	10	0	0	0	0	0	0	0	0	0	0	237	34	0	0	0	0	11	0	0
fsh-generated/resources/Library-HIVIND52Logic.json	1109	4	0	0	0	0	0	0	0	12	0	0	0	0	0	0	0	0	0	0	250	34	0	0	0	0	11	0	0
fsh-generated/resources/Library-HIVIND53Logic.json	1126	4	0	0	0	0	0	0	0	12	0	0	0	0	0	0	0	0	0	0	245	35	0	0	0	0	11	0	0
fsh-generated/resources/Library-HIVIND54Logic.json	1068	4	1	0	0	0	0	0	0	12	0	0	0	0	0	0	0	0	0	0	163	28	0	0	0	0	7	0	0
fsh-generated/resources/Library-HIVIND55Logic.json	1232	4	0	0	0	0	0	0	0	12	0	0	0	0	0	0	0	0	0	0	176	29	0	0	0	0	7	0	0
fsh-generated/resources/Library-HIVIND56Logic.json	1069	4	0	0	0	0	0	0	1	12	0	0	0	0	0	0	0	0	0	0	199	31	0	0	0	0	9	0	0
fsh-generated/resources/Library-HIVIND57Logic.json	1089	4	0	0	0	0	0	0	0	12	0	0	0	0	0	0	0	0	0	0	365	42	0	0	0	0	20	0	0
fsh-generated/resources/Library-HIVIND58Logic.json	1105	4	0	0	0	0	0	0	0	10	0	0	0	0	0	0	0	0	0	0	164	28	0	0	0	0	6	0	0
fsh-generated/resources/Library-HIVIND59Logic.json	1087	4	0	0	0	0	0	0	0	13	0	0	0	0	0	0	0	0	0	0	142	26	0	0	0	0	6	0	0
fsh-generated/resources/Library-HIVIND5Logic.json	1057	4	1	0	0	0	0	0	0	11	0	0	0	0	0	0	0	1	0	0	190	28	0	0	0	0	7	0	0
fsh-generated/resources/Library-HIVIND60Logic.json	1107	4	0	0	0	0	0	0	1	11	0	0	0	0	0	0	0	0	0	0	176	29	0	0	0	0	8	0	0
fsh-generated/resources/Library-HIVIND61Logic.json	1096	5	0	0	0	0	0	0	0	11	0	0	0	0	0	0	0	0	0	0	159	28	0	0	0	0	7	0	0
fsh-generated/resources/Library-HIVIND62Logic.json	1145	8	0	0	0	0	0	0	0	11	0	0	0	0	0	0	0	0	0	0	236	33	0	0	0	0	11	0	0
fsh-generated/resources/Library-HIVIND63Logic.json	1127	4	0	0	0	0	0	0	0	12	0	0	0	0	0	0	0	0	0	0	177	29	0	0	0	0	8	0	0
fsh-generated/resources/Library-HIVIND64Logic.json	1111	4	0	0	0	0	0	0	0	12	0	0	0	0	0	0	0	0	0	0	239	33	0	0	0	0	11	0	0
fsh-generated/resources/Library-HIVIND65Logic.json	1083	4	0	0	0	0	0	0	0	18	0	0	0	0	0	0	0	0	0	0	213	32	0	0	0	0	10	0	0
fsh-generated/resources/Library-HIVIND66Logic.json	1151	4	0	0	0	0	0	0	1	16	0	0	0	0	0	0	0	0	0	0	237	34	0	0	0	0	11	0	0
fsh-generated/resources/Library-HIVIND67Logic.json	1133	4	1	0	0	0	0	0	0	12	0	0	0	0	0	0	0	0	0	0	207	31	0	0	0	0	9	0	0
fsh-generated/resources/Library-HIVIND68Logic.json	1153	4	0	0	0	0	0	0	0	12	0	0	0	0	0	0	0	0	0	0	255	34	0	0	0	0	12	0	0
fsh-generated/resources/Library-HIVIND69Logic.json	1129	4	0	0	0	0	0	0	0	14	0	0	0	0	0	0	0	0	0	0	230	32	0	0	0	0	12	0	0
fsh-generated/resources/Library-HIVIND6Logic.json	1039	4	0	0	0	0	0	0	0	11	0	0	0	0	0	0	0	0	0	0	163	28	0	0	0	0	7	0	0
fsh-generated/resources/Library-HIVIND70Logic.json	1098	4	0	0	0	0	0	0	1	11	0	0	0	0	0	0	0	0	0	0	210	32	0	0	0	0	9	0	1
fsh-generated/resources/Library-HIVIND71Logic.json	1080	4	0	0	0	0	0	0	0	12	0	0	0	0	0	0	0	0	0	0	181	30	0	0	0	0	8	0	0
fsh-generated/resources/Library-HIVIND72Logic.json	1077	4	0	0	0	0	0	0	0	11	0	0	0	0	0	0	0	0	0	0	229	92	0	0	0	0	10	0	0
fsh-generated/resources/Library-HIVIND73Logic.json	1093	4	0	0	0	0	0	0	0	11	0	0	0	0	0	0	0	0	0	0	182	32	0	0	0	0	7	0	0
fsh-generated/resources/Library-HIVIND74Logic.json	1153	4	0	0	0	0	0	0	0	9	0	0	0	0	0	0	0	0	0	0	49	20	0	0	0	0	1	0	0
fsh-generated/resources/Library-HIVIND75Logic.json	1135	4	1	0	0	0	0	0	0	8	0	0	0	0	0	0	0	0	0	0	47	20	0	0	0	0	0	0	0
fsh-generated/resources/Library-HIVIND76Logic.json	1117	4	0	0	0	0	0	0	0	11	0	0	0	0	0	0	0	0	0	0	211	32	0	0	0	0	10	0	0
fsh-generated/resources/Library-HIVIND77Logic.json	1099	4	0	0	0	0	0	0	1	12	0	0	0	0	0	0	0	0	0	0	199	31	0	0	0	0	8	0	0
fsh-generated/resources/Library-HIVIND78Logic.json	1181	4	0	0	0	0	0	0	0	11	0	0	0	0	0	0	0	0	0	0	203	33	0	0	0	0	9	0	0
fsh-generated/resources/Library-HIVIND79Logic.json	1163	4	0	0	0	0	0	0	0	11	0	0	0	0	0	0	0	0	0	0	188	31	0	0	0	0	8	0	0
fsh-generated/resources/Library-HIVIND7Logic.json	1076	4	0	0	0	0	0	0	1	12	0	0	0	0	0	0	0	0	0	0	198	33	0	0	0	0	9	0	0
fsh-generated/resources/Library-HIVIND80Logic.json	1170	3	0	0	0	0	0	0	0	11	0	0	0	0	0	0	0	0	0	0	153	29	0	0	0	0	6	0	0
fsh-generated/resources/Library-HIVIND81Logic.json	1152	4	0	0	0	0	0	0	0	11	0	0	0	0	0	0	0	1	0	0	144	29	0	0	0	0	6	0	0
fsh-generated/resources/Library-HIVIND82Logic.json	1144	4	1	0	0	0	0	0	0	10	0	0	0	0	0	0	0	0	0	0	156	29	0	0	0	0	7	0	0
fsh-generated/resources/Library-HIVIND83Logic.json	1182	4	0	0	0	0	0	0	0	11	0	0	0	0	0	0	0	0	0	0	155	29	0	0	0	0	8	0	0
fsh-generated/resources/Library-HIVIND84Logic.json	1164	4	0	0	0	0	0	0	1	11	0	0	0	0	0	0	0	0	0	0	141	28	0	0	0	0	6	0	0
fsh-generated/resources/Library-HIVIND85Logic.json	1141	4	0	0	0	0	0	0	0	10	0	0	0	0	0	0	0	0	0	0	254	35	0	0	0	0	12	0	0
fsh-generated/resources/Library-HIVIND86Logic.json	1123	4	0	0	0	0	0	0	0	11	0	0	0	0	0	0	0	0	0	0	185	30	0	0	0	0	9	0	0
fsh-generated/resources/Library-HIVIND87Logic.json	1115	4	0	0	0	0	0	0	0	10	0	0	0	0	0	0	0	0	0	0	252	35	0	0	0	0	13	0	0
fsh-generated/resources/Library-HIVIND88Logic.json	1158	5	0	0	0	0	0	0	0	11	0	0	0	0	0	0	0	0	0	0	193	33	0	0	0	0	9	0	0
fsh-generated/resources/Library-HIVIND89Logic.json	1140	4	0	0	0	0	0	0	1	10	0	0	0	0	0	0	0	0	0	0	146	30	0	0	0	0	7	0	0
fsh-generated/resources/Library-HIVIND8Logic.json	1085	6	1	0	0	0	0	0	0	10	0	0	0	0	0	0	0	0	0	0	137	27	0	0	0	0	6	0	0
fsh-generated/resources/Library-HIVIND90Logic.json	1088	4	0	0	0	0	0	0	0	11	0	0	0	0	0	0	0	0	0	0	250	35	0	0	0	0	12	0	0
fsh-generated/resources/Library-HIVIND91Logic.json	1146	4	0	0	0	0	0	0	0	11	0	0	0	0	0	0	0	0	0	0	189	32	0	0	0	0	9	0	0
fsh-generated/resources/Library-HIVIND92Logic.json	1121	4	0	0	0	0	0	0	0	10	0	0	0	0	0	0	0	0	0	0	306	38	0	0	0	0	17	0	0
fsh-generated/resources/Library-HIVIND93Logic.json	1097	4	0	0	0	0	0	0	0	10	0	0	0	0	0	0	0	0	0	0	120	25	0	0	0	0	5	0	0
fsh-generated/resources/Library-HIVIND94Logic.json	1115	4	0	0	0	0	0	0	1	10	0	0	0	0	0	0	0	0	0	0	183	31	0	0	0	0	9	0	0
fsh-generated/resources/Library-HIVIND95Logic.json	1077	4	0	0	0	0	0	0	0	10	0	0	0	0	0	0	0	0	0	0	166	29	0	0	0	0	8	0	0
fsh-generated/resources/Library-HIVIND96Logic.json	1077	4	0	0	0	0	0	0	0	10	0	0	0	0	0	0	0	0	0	0	256	34	0	0	0	0	13	0	0
fsh-generated/resources/Library-HIVIND9Logic.json	1121	4	1	0	0	0	0	0	0	8	0	0	0	0	0	0	0	0	0	0	39	20	0	0	0	0	1	0	0
fsh-generated/resources/Library-HIVIndicatorElements.json	1090	4	0	0	0	0	0	0	8	151	0	0	0	0	0	0	0	2	0	0	17041	1263	0	0	0	0	837	0	1
fsh-generated/resources/Library-WHOCommon.json	1024	5	0	0	0	0	0	0	0	10	0	0	0	0	0	0	0	0	0	0	1121	95	0	0	0	0	67	0	0
fsh-generated/resources/Library-WHOConcepts.json	1036	4	0	0	0	0	0	0	0	25	0	0	0	0	0	0	0	0	0	0	57	20	0	0	0	0	2	0	0
fsh-generated/resources/Library-WHOElements.json	1036	4	0	0	0	0	0	0	0	9	0	0	0	0	0	0	0	0	0	0	67	20	0	0	0	0	2	0	0
fsh-generated/resources/Library-WHOEncounterElements.json	1090	4	0	0	0	0	0	0	1	8	0	0	0	0	0	0	0	0	0	0	71	21	0	0	0	0	2	0	0
fsh-generated/resources/Measure-HIVIND11.json	2878	4	1	0	0	0	0	0	0	19	0	0	0	0	0	0	0	0	0	0	24	20	0	0	0	0	1	0	0
fsh-generated/resources/Measure-HIVIND12.json	3052	5	0	0	0	0	0	0	0	12	0	0	0	0	0	0	0	0	0	0	24	21	0	0	0	0	0	0	0
fsh-generated/resources/Measure-HIVIND13.json	2958	4	0	0	0	0	0	0	0	9	0	0	0	0	0	0	0	0	0	0	25	19	0	0	0	0	0	0	0
fsh-generated/resources/Measure-HIVIND14.json	3091	4	0	0	0	0	0	0	0	9	0	0	0	0	0	0	0	0	0	0	25	19	0	0	0	0	0	0	0
fsh-generated/resources/Measure-HIVIND15.json	3555	4	0	0	0	0	0	0	0	10	0	0	0	0	0	0	0	0	0	0	25	18	0	0	0	0	1	0	0
fsh-generated/resources/Measure-HIVIND16.json	3082	4	0	0	0	0	0	0	0	9	0	0	0	0	0	0	0	0	0	0	24	19	0	0	0	0	0	0	0
fsh-generated/resources/Measure-HIVIND18.json	3536	4	0	0	0	0	0	0	0	8	0	0	0	0	0	0	0	0	0	0	25	19	0	0	0	0	0	0	0
fsh-generated/resources/Measure-HIVIND19.json	3115	4	0	0	0	0	0	0	0	8	0	0	0	0	0	0	0	0	0	0	25	18	0	0	0	0	0	0	0
fsh-generated/resources/Measure-HIVIND2.json	3501	4	0	0	0	0	0	0	1	8	0	0	0	0	0	0	0	0	0	0	25	18	0	0	0	0	1	0	0
fsh-generated/resources/Measure-HIVIND20.json	3006	5	0	0	0	0	0	0	0	8	0	0	0	0	0	0	0	0	0	0	25	19	0	0	0	0	0	0	0
fsh-generated/resources/Measure-HIVIND21.json	2956	4	1	0	0	0	0	0	0	7	0	0	0	0	0	0	0	0	0	0	24	18	0	0	0	0	0	0	0
fsh-generated/resources/Measure-HIVIND22.json	3542	4	1	0	0	0	0	0	0	8	0	0	0	0	0	0	0	0	0	0	25	19	0	0	0	0	0	1	0
fsh-generated/resources/Measure-HIVIND24.json	3366	4	0	0	0	0	0	0	0	8	0	0	0	0	0	0	0	0	0	0	26	19	0	0	0	0	0	0	0
fsh-generated/resources/Measure-HIVIND25.json	3351	4	0	0	0	0	0	0	0	7	0	0	0	0	0	0	0	0	0	0	25	19	0	0	0	0	1	0	0
fsh-generated/resources/Measure-HIVIND27.json	3539	4	0	0	0	0	0	0	0	8	0	0	0	0	0	0	0	0	0	0	25	20	0	0	0	0	0	0	0
fsh-generated/resources/Measure-HIVIND28.json	3405	4	0	0	0	0	0	0	0	7	0	0	0	0	0	0	0	0	0	0	25	19	0	0	0	0	0	0	0
fsh-generated/resources/Measure-HIVIND29.json	3439	4	0	0	0	0	0	0	0	8	0	0	0	0	0	0	0	1	0	0	26	19	0	0	0	0	0	0	0
fsh-generated/resources/Measure-HIVIND3.json	3594	4	1	0	0	0	0	0	1	8	0	0	0	0	0	0	0	0	0	0	25	19	0	0	0	0	0	0	0
fsh-generated/resources/Measure-HIVIND30.json	3479	4	0	0	0	0	0	0	0	8	0	0	0	0	0	0	0	0	0	0	25	19	0	0	0	0	1	0	0
fsh-generated/resources/Measure-HIVIND31.json	3059	5	0	0	0	0	0	0	0	9	0	0	0	0	0	0	0	0	0	0	24	19	0	0	0	0	0	0	0
fsh-generated/resources/Measure-HIVIND32.json	3019	4	0	0	0	0	0	0	0	8	0	0	0	0	0	0	0	0	0	0	24	19	0	0	0	0	0	0	0
fsh-generated/resources/Measure-HIVIND33.json	3252	4	0	0	0	0	0	0	0	7	0	0	0	0	0	0	0	0	0	0	25	18	0	0	0	0	0	0	0
fsh-generated/resources/Measure-HIVIND34.json	3172	4	1	0	0	0	0	0	0	8	0	0	0	0	0	0	0	0	0	0	25	19	0	0	0	0	1	0	0
fsh-generated/resources/Measure-HIVIND35.json	2964	4	0	0	0	0	0	0	0	11	0	0	0	0	0	0	0	0	0	0	25	18	0	0	0	0	0	0	0
fsh-generated/resources/Measure-HIVIND37.json	3252	4	0	0	0	0	0	0	0	9	0	0	0	0	0	0	0	0	0	0	28	19	0	0	0	0	0	0	0
fsh-generated/resources/Measure-HIVIND38.json	3216	4	0	0	0	0	0	0	0	7	0	0	0	0	0	0	0	0	0	0	25	20	0	0	0	0	0	0	0
fsh-generated/resources/Measure-HIVIND39.json	2953	4	0	0	0	0	0	0	1	7	0	0	0	0	0	0	0	0	0	0	25	20	0	0	0	0	1	0	0
fsh-generated/resources/Measure-HIVIND4.json	3468	4	1	0	0	0	0	0	0	8	0	0	0	0	0	0	0	0	0	0	26	20	0	0	0	0	0	0	0
fsh-generated/resources/Measure-HIVIND40.json	3087	4	0	0	0	0	0	0	0	9	0	0	0	0	0	0	0	0	0	0	24	19	0	0	0	0	0	0	0
fsh-generated/resources/Measure-HIVIND41.json	2919	4	0	0	0	0	0	0	0	8	0	0	0	0	0	0	0	0	0	0	25	18	0	0	0	0	0	0	0
fsh-generated/resources/Measure-HIVIND42.json	3370	4	0	0	0	0	0	0	0	8	0	0	0	0	0	0	0	0	0	0	27	19	0	0	0	0	1	0	0
fsh-generated/resources/Measure-HIVIND43.json	2991	4	0	0	0	0	0	0	0	8	0	0	0	0	0	0	0	0	0	0	27	19	0	0	0	0	0	0	0
fsh-generated/resources/Measure-HIVIND44.json	2981	4	1	0	0	0	0	0	0	8	0	0	0	0	0	0	0	0	0	0	25	18	0	0	0	0	0	0	0
fsh-generated/resources/Measure-HIVIND45.json	3042	4	0	0	0	0	0	0	0	8	0	0	0	0	0	0	0	0	0	0	24	19	0	0	0	0	1	0	1
fsh-generated/resources/Measure-HIVIND46.json	3186	4	0	0	0	0	0	0	0	7	0	0	0	0	0	0	0	0	0	0	25	18	0	0	0	0	0	0	0
fsh-generated/resources/Measure-HIVIND47.json	3206	4	0	0	0	0	0	0	0	9	0	0	0	0	0	0	0	0	0	0	25	19	0	0	0	0	0	0	0
fsh-generated/resources/Measure-HIVIND48.json	3209	4	0	0	0	0	0	0	1	9	0	0	0	0	0	0	0	0	0	0	26	18	0	0	0	0	0	0	0
fsh-generated/resources/Measure-HIVIND49.json	3103	4	1	0	0	0	0	0	0	8	0	0	0	0	0	0	0	0	0	0	25	20	0	0	0	0	1	0	0
fsh-generated/resources/Measure-HIVIND5.json	3487	4	0	0	0	0	0	0	0	8	0	0	0	0	0	0	0	0	0	0	25	22	0	0	0	0	0	0	0
fsh-generated/resources/Measure-HIVIND50.json	3150	4	0	0	0	0	0	0	0	8	0	0	0	0	0	0	0	0	0	0	25	19	0	0	0	0	0	0	0
fsh-generated/resources/Measure-HIVIND51.json	3142	4	0	0	0	0	0	0	0	8	0	0	0	0	0	0	0	0	0	0	24	18	0	0	0	0	0	0	0
fsh-generated/resources/Measure-HIVIND52.json	3104	4	1	0	0	0	0	0	0	8	0	0	0	0	0	0	0	0	0	0	24	19	0	0	0	0	0	0	0
fsh-generated/resources/Measure-HIVIND53.json	3438	4	0	0	0	0	0	0	0	9	0	0	0	0	0	0	0	0	0	0	27	18	0	0	0	0	0	0	0
fsh-generated/resources/Measure-HIVIND54.json	3246	4	0	0	0	0	0	0	0	9	0	0	0	0	0	0	0	0	0	0	24	22	0	0	0	0	1	0	0
fsh-generated/resources/Measure-HIVIND55.json	3384	4	2	0	0	0	0	0	0	8	0	0	0	0	0	0	0	0	0	0	25	20	0	0	0	0	0	0	0
fsh-generated/resources/Measure-HIVIND56.json	3132	4	0	0	0	0	0	0	1	7	0	0	0	0	0	0	0	0	0	0	25	19	0	0	0	0	0	0	0
fsh-generated/resources/Measure-HIVIND57.json	3327	4	0	0	0	0	0	0	0	8	0	0	0	0	0	0	0	0	0	0	27	19	0	0	0	0	0	0	0
fsh-generated/resources/Measure-HIVIND58.json	3060	4	0	0	0	0	0	0	0	7	0	0	0	0	0	0	0	0	0	0	25	18	0	0	0	0	0	0	0
fsh-generated/resources/Measure-HIVIND59.json	3037	4	1	0	0	0	0	0	0	7	0	0	0	0	0	0	0	0	0	0	25	19	0	0	0	0	0	0	0
fsh-generated/resources/Measure-HIVIND6.json	3014	4	0	0	0	0	0	0	0	7	0	0	0	0	0	0	0	0	0	0	24	19	0	0	0	0	0	0	0
fsh-generated/resources/Measure-HIVIND60.json	3044	4	0	0	0	0	0	0	0	7	0	0	0	0	0	0	0	0	0	0	25	19	0	0	0	1	1	0	0
fsh-generated/resources/Measure-HIVIND61.json	3005	4	0	0	0	0	0	0	0	7	0	0	0	0	0	0	0	0	0	0	25	19	0	0	0	0	0	0	0
fsh-generated/resources/Measure-HIVIND62.json	3233	4	0	0	0	0	0	0	0	7	0	0	0	0	0	0	0	0	0	0	25	19	0	0	0	0	0	0	0
fsh-generated/resources/Measure-HIVIND63.json	3246	4	1	0	0	0	0	0	0	8	0	0	0	0	0	0	0	0	0	0	25	18	0	0	0	0	0	0	0
fsh-generated/resources/Measure-HIVIND64.json	3033	4	0	0	0	0	0	0	0	7	0	0	0	0	0	0	0	0	0	0	25	19	0	0	0	0	0	0	0
fsh-generated/resources/Measure-HIVIND65.json	2963	4	0	0	0	0	0	0	1	6	0	0	0	0	0	0	0	0	0	0	24	20	0	0	0	0	0	0	0
fsh-generated/resources/Measure-HIVIND66.json	2991	4	0	0	0	0	0	0	0	8	0	0	0	0	0	0	0	0	0	0	25	18	0	0	0	0	0	0	0
fsh-generated/resources/Measure-HIVIND67.json	2934	4	0	0	0	0	0	0	0	7	0	0	0	0	0	0	0	1	0	0	24	19	0	0	0	0	1	0	0
fsh-generated/resources/Measure-HIVIND68.json	3005	4	1	0	0	0	0	0	0	7	0	0	0	0	0	0	0	0	0	0	25	18	0	0	0	0	0	0	0
fsh-generated/resources/Measure-HIVIND69.json	2923	4	0	0	0	0	0	0	0	7	0	0	0	0	0	0	0	0	0	0	24	19	0	0	0	0	0	0	0
fsh-generated/resources/Measure-HIVIND7.json	3100	4	0	0	0	0	0	0	0	7	0	0	0	0	0	0	0	0	0	0	25	18	0	0	0	0	0	0	0
fsh-generated/resources/Measure-HIVIND70.json	2869	4	0	0	0	0	0	0	0	6	0	0	0	0	0	0	0	0	0	0	23	19	0	0	0	0	0	0	0
fsh-generated/resources/Measure-HIVIND71.json	2899	4	0	0	0	0	0	0	0	7	0	0	0	0	0	0	0	0	0	0	24	18	0	0	0	0	0	0	0
fsh-generated/resources/Measure-HIVIND72.json	2907	4	0	0	0	0	0	0	0	7	0	0	0	0	0	0	0	0	0	0	24	19	0	0	0	0	0	0	0
fsh-generated/resources/Measure-HIVIND73.json	2932	4	1	0	0	0	0	0	0	7	0	0	0	0	0	0	0	0	0	0	24	18	0	0	0	0	1	0	0
fsh-generated/resources/Measure-HIVIND74.json	2999	4	0	0	0	0	0	0	1	7	0	0	0	0	0	0	0	0	0	0	25	19	0	0	0	0	0	0	0
fsh-generated/resources/Measure-HIVIND75.json	2942	4	0	0	0	0	0	0	0	6	0	0	0	0	0	0	0	0	0	0	25	19	0	0	0	0	0	0	0
fsh-generated/resources/Measure-HIVIND76.json	2890	3	0	0	0	0	0	0	0	7	0	0	0	0	0	0	0	0	0	0	24	20	0	0	0	0	0	0	0
fsh-generated/resources/Measure-HIVIND77.json	2875	4	0	0	0	0	0	0	0	6	0	0	0	0	0	0	0	0	0	0	24	19	0	0	0	0	0	0	0
fsh-generated/resources/Measure-HIVIND78.json	3014	4	0	0	0	0	0	0	0	7	0	0	0	0	0	0	0	0	0	0	25	19	0	0	0	0	0	0	0
fsh-generated/resources/Measure-HIVIND79.json	2957	4	0	0	0	0	0	0	0	7	0	0	0	0	0	0	0	0	0	0	24	19	0	0	0	0	0	0	0
fsh-generated/resources/Measure-HIVIND8.json	3089	4	1	0	0	0	0	0	0	6	0	0	0	0	0	0	0	0	0	0	28	18	0	0	0	0	1	0	0
fsh-generated/resources/Measure-HIVIND80.json	2905	4	0	0	0	0	0	0	0	7	0	0	0	0	0	0	0	0	0	0	25	19	0	0	0	0	1	0	0
fsh-generated/resources/Measure-HIVIND81.json	2890	4	0	0	0	0	0	0	0	7	0	0	0	0	0	0	0	0	0	0	24	20	0	0	0	0	0	0	0
fsh-generated/resources/Measure-HIVIND82.json	2841	4	0	0	0	0	0	0	0	6	0	0	0	0	0	0	0	0	0	0	25	19	0	0	0	0	0	0	0
fsh-generated/resources/Measure-HIVIND83.json	2959	4	0	0	0	0	0	0	1	7	0	0	0	0	0	0	0	0	0	0	26	19	0	0	0	0	1	0	0
fsh-generated/resources/Measure-HIVIND84.json	2944	4	0	0	0	0	0	0	0	6	0	0	0	0	0	0	0	0	0	0	24	19	0	0	0	0	0	0	0
fsh-generated/resources/Measure-HIVIND85.json	2914	4	0	0	0	0	0	0	0	6	0	0	0	0	0	0	0	0	0	0	25	19	0	0	0	0	0	0	0
fsh-generated/resources/Measure-HIVIND86.json	2848	4	0	0	0	0	0	0	0	6	0	0	0	0	0	0	0	0	0	0	25	19	0	0	0	0	0	0	0
fsh-generated/resources/Measure-HIVIND87.json	2818	4	0	0	0	0	0	0	0	6	0	0	0	0	0	0	0	0	0	0	24	18	0	0	0	0	1	0	0
fsh-generated/resources/Measure-HIVIND88.json	2939	4	1	0	0	0	0	0	0	6	0	0	0	0	0	0	0	0	0	0	26	18	0	0	0	0	0	0	0
fsh-generated/resources/Measure-HIVIND89.json	2932	4	0	0	0	0	0	0	0	6	0	0	0	0	0	0	0	0	0	0	24	18	0	0	0	0	0	0	0
fsh-generated/resources/Measure-HIVIND9.json	3158	4	0	0	0	0	0	0	0	7	0	0	0	0	0	0	0	0	0	0	26	19	0	0	0	0	0	0	0
fsh-generated/resources/Measure-HIVIND90.json	2867	4	0	0	0	0	0	0	0	6	0	0	0	0	0	0	0	0	0	0	25	18	0	0	0	0	1	0	0
fsh-generated/resources/Measure-HIVIND91.json	2878	4	0	0	0	0	0	0	0	6	0	0	0	0	0	0	0	0	0	0	24	19	0	0	0	0	0	0	0
fsh-generated/resources/Measure-HIVIND92.json	3045	4	0	0	0	0	0	0	1	7	0	0	0	0	0	0	0	0	0	0	25	19	0	0	0	0	0	0	0
fsh-generated/resources/Measure-HIVIND93.json	3323	4	0	0	0	0	0	0	0	7	0	0	0	0	0	0	0	0	0	0	24	23	0	0	0	0	0	0	0
fsh-generated/resources/Measure-HIVIND94.json	2951	4	0	0	0	0	0	0	0	7	0	0	0	0	0	0	0	0	0	0	24	22	0	0	0	0	1	0	0
fsh-generated/resources/Measure-HIVIND95.json	2817	4	1	0	0	0	0	0	0	6	0	0	0	0	0	0	0	0	0	0	24	19	0	0	0	0	0	0	0
fsh-generated/resources/Measure-HIVIND96.json	2858	4	0	0	0	0	0	0	0	6	0	0	0	0	0	0	0	0	0	0	24	18	0	0	0	0	0	0	0
fsh-generated/resources/MedicationRequest-ExampleCurrentPrepRegimenPrescription.json	569	4	0	0	0	0	0	0	0	3	0	0	0	0	0	0	0	0	0	0	18	28	0	0	0	0	0	0	0
fsh-generated/resources/MedicationStatement-ExampleAltPepBackbonePrescription.json	560	4	0	0	0	0	0	0	0	2	0	0	0	0	0	0	0	0	0	0	17	26	0	0	0	0	0	0	0
fsh-generated/resources/MedicationStatement-ExampleAltThirdPepPrescription.json	551	4	0	0	0	0	0	0	0	1	0	0	0	0	0	0	0	0	0	0	18	22	0	0	0	0	0	0	0
fsh-generated/resources/MedicationStatement-ExampleHivOnArt.json	664	4	0	0	0	0	0	0	0	3	0	0	0	0	0	0	0	0	0	0	19	23	0	0	0	0	0	0	0
fsh-generated/resources/MedicationStatement-ExamplePreferredPepBackbonePrescription.json	564	4	0	0	0	0	0	0	0	1	0	0	0	0	0	0	0	0	0	0	18	23	0	0	0	0	0	0	0
fsh-generated/resources/MedicationStatement-ExamplePreferredThirdPepPrescription.json	553	4	0	0	0	0	0	0	0	1	0	0	0	0	0	0	0	0	0	0	18	23	0	0	0	0	0	0	0
fsh-generated/resources/MedicationStatement-ExamplePrepProductPrescription.json	507	3	0	0	0	0	0	0	0	2	0	0	0	0	0	0	0	0	0	0	18	23	0	0	0	0	0	0	0
fsh-generated/resources/Observation-ExampleCervicalCancerScreening.json	689	4	0	0	0	0	0	0	0	4	0	0	0	0	0	0	0	0	0	0	18	41	0	0	0	0	0	0	0
fsh-generated/resources/Observation-ExampleHcvTestObservation.json	931	4	0	0	0	0	0	0	0	1	0	0	0	0	0	0	0	0	0	0	20	28	0	0	0	0	0	0	0
fsh-generated/resources/Observation-ExampleHivKeyPopulation.json	924	4	0	0	0	0	0	0	0	1	0	0	0	0	0	0	0	0	0	0	20	24	0	0	0	0	0	0	0
fsh-generated/resources/Observation-ExampleHivPreventionIntervention.json	706	4	1	0	0	0	0	0	0	3	0	0	0	0	0	0	0	0	0	0	18	22	0	0	0	0	0	0	0
fsh-generated/resources/Observation-ExampleHivStatusPositiveObservation.json	689	5	0	0	0	0	0	0	0	4	0	0	0	0	0	0	0	0	0	0	18	23	0	0	0	0	0	0	0
fsh-generated/resources/Observation-ExampleHivTest.json	916	4	0	0	0	0	0	0	0	2	0	0	0	0	0	0	0	0	0	0	18	23	0	0	0	0	0	0	1
fsh-generated/resources/Patient-ExampleHivPatient.json	310	4	0	0	0	0	0	0	0	0	0	0	0	0	0	0	0	0	0	0	18	25	0	0	0	0	0	0	0
fsh-generated/resources/PlanDefinition-CareAndTreatmentClinicalVisit-PlanDefinition.json	12386	4	0	0	0	0	0	0	1	10	0	0	0	0	0	0	0	0	0	0	52	22	0	0	0	0	1	0	0
fsh-generated/resources/PlanDefinition-HIV-A-Registration-PlanDefinition.json	8350	4	0	0	0	0	0	0	1	8	0	0	0	0	0	0	0	1	0	0	35	20	0	0	0	0	1	0	0
fsh-generated/resources/PlanDefinition-HIV-Testing-PlanDefinition.json	13739	5	0	0	0	0	0	0	0	10	0	0	0	0	0	0	0	0	0	0	48	22	0	0	0	0	1	0	0
fsh-generated/resources/PlanDefinition-HIVB2DT.json	2011	4	0	0	0	0	0	0	0	11	0	0	0	0	0	0	0	0	0	0	28	18	0	0	0	0	0	0	0
fsh-generated/resources/PlanDefinition-HIVB9DT.json	13869	4	0	0	0	0	0	0	1	17	0	0	0	0	0	0	0	0	0	0	46	21	0	0	0	0	1	0	0
fsh-generated/resources/PlanDefinition-HIVC23DT.json	2698	5	1	0	0	0	0	0	0	15	0	0	0	0	0	0	0	0	0	0	30	19	0	0	0	0	0	0	0
fsh-generated/resources/PlanDefinition-HIVC7DT.json	2779	4	0	0	0	0	0	0	0	12	0	0	0	0	0	0	0	0	0	0	30	18	0	0	0	0	1	0	0
fsh-generated/resources/PlanDefinition-HIVD12DT.json	1610	4	0	0	0	0	0	0	0	11	0	0	0	0	0	0	0	0	0	0	29	19	0	0	0	0	0	0	0
fsh-generated/resources/PlanDefinition-HIVD4DT.json	1588	3	0	0	0	0	0	0	0	9	0	0	0	0	0	0	0	0	1	0	26	18	0	0	0	0	0	0	0
fsh-generated/resources/PlanDefinition-PrEP-visit-PlanDefinition.json	11119	5	0	0	0	0	0	0	0	12	0	0	0	0	0	0	0	0	0	0	51	21	0	1	0	0	1	0	0
fsh-generated/resources/Procedure-ExampleHivInvasiveCervicalCancerTreatment.json	729	4	0	0	0	0	0	0	0	9	0	0	0	0	0	0	0	0	0	0	18	28	0	0	0	0	0	0	0
fsh-generated/resources/Procedure-HivVmmcProcedureExample.json	470	4	0	0	0	0	0	0	0	1	0	0	0	0	0	0	0	0	0	0	18	23	0	0	0	0	0	0	0
fsh-generated/resources/Questionnaire-HIV.A2GatherClientDetails.json	1659	4	0	0	0	0	0	0	0	23	0	0	0	0	0	0	0	0	0	0	38	368	0	0	0	0	1	0	0
fsh-generated/resources/Questionnaire-HIV.A5CreateNewClientRecord.json	5933	4	0	0	0	0	0	0	1	16	0	0	0	0	0	0	0	0	0	0	77	1495	0	0	0	0	3	0	0
fsh-generated/resources/Questionnaire-HIV.A6.1ReviewSociodemographicDataWithClient.json	5999	5	1	0	0	0	0	0	0	23	0	0	0	0	0	0	0	0	0	0	80	33	0	0	0	0	2	0	0
fsh-generated/resources/Questionnaire-HIV.B18ProvideVoluntaryPartnerAndFamilyServices.json	1001	4	0	0	0	0	0	0	0	16	0	0	0	0	0	0	0	0	0	0	31	276	0	0	0	0	1	0	0
fsh-generated/resources/Questionnaire-HIV.B1DetermineReasonForVisit.json	2650	4	0	0	0	0	0	0	0	16	0	0	0	0	0	0	0	0	0	0	45	1499	0	0	0	0	1	0	0
fsh-generated/resources/Questionnaire-HIV.B20ScheduleRetest.json	1800	4	0	0	0	0	0	0	0	16	0	0	0	0	0	0	0	0	0	0	42	266	0	0	0	0	1	0	0
fsh-generated/resources/Questionnaire-HIV.B21OfferPreventionOptions.json	2459	4	0	0	0	0	0	0	0	13	0	0	0	0	0	0	0	0	0	0	44	778	0	0	0	0	1	0	0
fsh-generated/resources/Questionnaire-HIV.B23OfferSexualAndReproductiveHealthServices.json	9625	4	0	0	0	0	0	0	1	17	0	0	0	0	0	0	0	0	0	0	114	3491	0	0	0	0	3	0	0
fsh-generated/resources/Questionnaire-HIV.B6CaptureOrUpdateClientHistory.json	6498	5	0	0	0	0	0	0	0	18	0	0	0	0	0	0	0	0	0	0	82	1990	0	0	0	0	2	0	0
fsh-generated/resources/Questionnaire-HIV.B7TestForHivUsingTestingAlgorithm.json	5096	4	1	0	0	0	0	0	1	13	0	0	0	0	0	0	0	0	0	0	68	2752	0	0	0	0	2	0	0
fsh-generated/resources/Questionnaire-HIV.B8ProvidePostTestCounselling.json	1790	5	0	0	0	0	0	0	0	9	0	0	0	0	0	0	0	1	0	0	38	519	0	0	0	0	1	0	0
fsh-generated/resources/Questionnaire-HIV.B9DetermineRecommendedServices.json	3916	4	0	0	0	0	0	0	0	11	0	0	0	0	0	0	0	0	0	0	55	1255	0	0	0	0	2	0	0
fsh-generated/resources/Questionnaire-HIV.C10CounselOnRiskAndPrevention.json	3093	4	0	0	0	0	0	0	0	10	0	0	0	0	0	0	0	0	0	0	48	1493	0	0	1	0	1	0	0
fsh-generated/resources/Questionnaire-HIV.C17DetermineRecommendedTests.json	952	4	0	0	0	0	0	0	0	15	0	0	0	0	0	0	0	0	0	0	31	266	0	0	0	0	1	0	0
fsh-generated/resources/Questionnaire-HIV.C1DetermineReasonForVisit.json	1121	4	0	0	0	0	0	0	0	10	0	0	0	0	0	0	0	0	0	0	33	272	0	0	0	0	0	0	0
fsh-generated/resources/Questionnaire-HIV.C21Diagnostics.json	1049	4	0	0	0	0	0	0	0	10	0	0	0	0	0	0	0	0	0	0	33	21	0	0	0	0	1	0	0
fsh-generated/resources/Questionnaire-HIV.C23PrescribeOrAdministerPrepOrPep.json	5925	4	0	0	0	0	0	0	1	13	0	0	0	0	0	0	0	0	0	0	77	1743	0	0	0	0	3	0	0
fsh-generated/resources/Questionnaire-HIV.C24ScheduleFollowUp.json	1330	5	0	0	0	0	0	0	0	9	0	0	0	0	0	0	0	0	0	0	34	273	0	0	0	0	0	0	0
fsh-generated/resources/Questionnaire-HIV.C3CaptureOrUpdateClientHistory.json	5343	4	0	0	0	0	0	0	0	16	0	0	0	0	0	0	0	0	0	0	70	2519	0	0	0	0	2	0	0
fsh-generated/resources/Questionnaire-HIV.C6PostTestPackageOfServices.json	923	4	1	0	0	0	0	0	0	10	0	0	0	0	0	0	0	0	0	0	30	21	0	0	0	0	1	0	0
fsh-generated/resources/Questionnaire-HIV.C8SuitableForPrepOrPep.json	1071	4	0	0	0	0	0	0	0	9	0	0	0	0	0	0	0	0	0	0	32	21	0	0	0	0	1	0	0
fsh-generated/resources/Questionnaire-HIV.D10CounselReturningClient.json	2743	4	0	0	0	0	0	0	0	11	0	0	0	0	0	0	0	0	0	0	46	512	0	0	0	0	1	0	0
fsh-generated/resources/Questionnaire-HIV.D12DetermineRecommendedScreeningsAndTests.json	5201	4	0	0	0	0	0	0	1	13	0	0	0	0	0	0	0	0	0	0	67	2493	0	0	0	0	2	0	1
fsh-generated/resources/Questionnaire-HIV.D14PreventScreenAndManageComorbiditiesAndCoinfections.json	1771	4	0	0	0	0	0	0	0	10	0	0	0	0	0	0	0	0	0	0	38	268	0	0	0	0	1	0	0
fsh-generated/resources/Questionnaire-HIV.D15DetermineClinicalStageOfHiv.json	1708	4	0	0	0	0	0	0	0	10	0	0	0	0	0	0	0	0	0	0	37	857	0	0	0	0	1	0	0
fsh-generated/resources/Questionnaire-HIV.D16PerformOtherScreenings.json	3999	4	0	0	0	0	0	0	0	13	0	0	0	0	0	0	0	0	0	0	59	505	0	0	0	0	1	0	0
fsh-generated/resources/Questionnaire-HIV.D17CheckForSignsOfTreatmentFailure.json	961	3	0	0	0	0	0	0	0	10	0	0	0	0	0	0	0	0	0	0	32	272	0	0	0	0	1	0	0
fsh-generated/resources/Questionnaire-HIV.D19AssessForVaccinePreventableDiseases.json	3243	5	1	0	0	0	0	0	0	10	0	0	0	0	0	0	0	0	0	0	52	1257	0	0	0	0	2	0	0
fsh-generated/resources/Questionnaire-HIV.D1DetermineReasonForVisit.json	1376	3	0	0	0	0	0	0	0	11	0	0	0	0	0	0	0	0	0	0	34	510	0	0	0	0	0	0	0
fsh-generated/resources/Questionnaire-HIV.D20Diagnostics.json	14315	5	0	0	0	0	0	0	1	21	0	0	0	0	0	0	0	0	0	0	154	3737	0	0	0	0	5	0	0
fsh-generated/resources/Questionnaire-HIV.D21DetermineRegimenAndTreatmentOptions.json	9626	4	0	0	0	0	0	0	1	24	0	0	0	0	0	0	0	1	0	0	105	3737	0	0	0	0	3	0	0
fsh-generated/resources/Questionnaire-HIV.D23Prescribe.json	5533	4	0	0	0	0	0	0	0	19	0	0	0	0	0	0	0	0	0	0	79	1252	0	0	0	0	1	0	0
fsh-generated/resources/Questionnaire-HIV.D24Counsel.json	5477	4	0	0	0	0	0	0	0	13	0	0	0	0	0	0	0	0	0	0	73	521	0	0	0	0	2	0	0
fsh-generated/resources/Questionnaire-HIV.D25OfferVoluntaryPartnerAndFamilyServices.json	3188	5	0	0	0	0	0	0	0	10	0	0	0	0	0	0	0	0	0	0	56	268	0	0	0	0	0	0	0
fsh-generated/resources/Questionnaire-HIV.D26OfferSexualAndReproductiveHealthServices.json	9625	4	0	0	0	0	0	0	1	15	0	0	0	0	0	0	0	0	0	0	108	3532	0	0	0	0	3	0	0
fsh-generated/resources/Questionnaire-HIV.D28OfferOtherServices.json	9273	4	0	0	0	0	0	0	0	14	0	0	0	0	0	0	0	0	0	0	102	3726	0	0	0	0	2	0	0
fsh-generated/resources/Questionnaire-HIV.D29ScheduleFollowUp.json	1993	4	1	0	0	0	0	0	1	10	0	0	0	0	0	0	0	0	0	0	43	267	0	0	0	0	1	0	0
fsh-generated/resources/Questionnaire-HIV.D2TakeVitalSigns.json	2725	4	0	0	0	0	0	0	0	110	0	0	0	0	0	0	0	0	0	0	49	267	0	0	0	0	1	0	0
fsh-generated/resources/Questionnaire-HIV.D3CheckForSignsOfSeriousIllness.json	1178	4	0	0	0	0	0	0	0	10	0	0	0	0	0	0	0	0	0	0	32	263	0	0	0	0	0	0	0
fsh-generated/resources/Questionnaire-HIV.D4ScreenForTb.json	4481	4	0	0	0	0	0	0	0	11	0	0	0	0	0	0	0	0	0	0	62	1505	0	0	0	0	1	0	0
fsh-generated/resources/Questionnaire-HIV.D8CaptureOrUpdateClientHistory.json	17472	5	0	0	0	0	0	0	1	20	0	0	0	0	0	0	0	0	0	0	178	7666	0	0	0	0	5	0	0
fsh-generated/resources/Questionnaire-HIV.E1CaptureOrUpdateMotherSHistory.json	16979	5	0	0	0	0	0	0	1	20	0	0	0	0	0	0	0	1	0	0	176	4487	0	0	0	0	4	0	0
fsh-generated/resources/Questionnaire-HIV.E4TestMotherForHivUsingTestingAlgorithm.json	3659	4	0	0	0	0	0	0	0	12	0	0	0	0	0	0	0	0	0	0	53	2314	0	0	0	1	1	0	0
fsh-generated/resources/Questionnaire-HIV.F12Prescribe.json	1771	4	1	0	0	0	0	0	0	10	0	0	0	0	0	0	0	0	0	0	40	22	0	0	0	0	0	0	0
fsh-generated/resources/Questionnaire-HIV.F16ImmediatelyStartInfantOnArt.json	905	3	0	0	0	0	0	0	0	9	0	0	0	0	0	0	0	0	0	0	30	19	0	0	0	0	1	0	0
fsh-generated/resources/Questionnaire-HIV.F20RecordInfantSChildSFinalHivDiagnosis.json	2202	4	0	0	0	0	0	0	1	10	0	0	0	0	0	0	0	0	0	0	41	760	0	0	0	0	0	0	0
fsh-generated/resources/Questionnaire-HIV.F2TakeVitalSigns.json	1038	4	0	0	0	0	0	0	0	10	0	0	0	0	0	0	0	0	0	0	32	20	0	0	0	0	1	0	0
fsh-generated/resources/Questionnaire-HIV.F3CaptureOrUpdateInfantSChildSHistory.json	4642	4	0	0	0	0	0	0	0	11	0	0	0	0	0	0	0	0	0	0	64	277	0	0	0	0	1	0	0
fsh-generated/resources/Questionnaire-HIV.F6CheckWhetherInfantChildHadHivExposure.json	1212	4	0	0	0	0	0	0	0	10	0	0	0	0	0	0	0	0	0	0	33	271	0	0	0	0	1	0	0
fsh-generated/resources/Questionnaire-HIV.F8TestInfantChildForHivUsingTestingAlgorithm.json	2414	4	0	0	0	0	0	0	0	10	0	0	0	0	0	0	0	0	0	0	42	1263	0	0	0	0	0	0	0
fsh-generated/resources/Questionnaire-HIV.H1IdentifyClientForFollowUp.json	1143	4	0	0	0	0	0	0	0	10	0	0	0	0	0	0	0	0	0	0	34	263	0	0	0	0	1	0	0
fsh-generated/resources/Questionnaire-HIV.H2AttemptToLocateClient.json	1992	4	0	0	0	0	0	0	0	9	0	0	0	0	0	0	0	0	0	0	45	520	0	0	0	0	0	0	0
fsh-generated/resources/Questionnaire-HIV.H3RecordOutreachAndResult.json	4985	4	1	0	0	0	0	0	1	12	0	0	0	0	0	0	0	0	0	0	69	1252	0	0	0	0	2	0	0
fsh-generated/resources/Questionnaire-HIV.HFollowingUpAndContactingClients.json	1164	4	0	0	0	0	0	0	0	10	0	0	0	0	0	0	0	0	0	0	34	263	0	0	0	0	0	0	0
fsh-generated/resources/Questionnaire-HIV.I1EmergencyReferral.json	854	3	0	0	0	0	0	0	0	9	0	0	0	0	0	0	0	0	0	0	29	20	0	0	0	0	1	0	0
fsh-generated/resources/Questionnaire-HIV.I6ProvideInformationToReferralFacility.json	3096	5	0	0	0	0	0	0	0	11	0	0	0	0	0	0	0	0	0	0	51	265	0	0	0	0	0	0	0
fsh-generated/resources/Requirements-HIV.A.Registration.json	5656	4	0	0	0	0	0	0	0	16	0	0	0	0	0	0	0	0	0	0	40	33	0	0	0	0	1	0	1
fsh-generated/resources/Requirements-HIV.B.HIVtestingservices.json	3453	4	0	0	0	0	0	0	0	12	0	0	0	0	0	0	0	0	0	0	32	30	0	0	0	0	1	0	0
fsh-generated/resources/Requirements-HIV.C.PrEPvisit.json	1472	4	0	0	0	0	0	0	0	10	0	0	0	0	0	0	0	0	0	0	25	26	0	0	0	0	0	0	0
fsh-generated/resources/Requirements-HIV.D.Careandtreatmentclinicalvisit.json	1723	4	0	0	0	0	0	0	0	10	0	0	0	0	0	0	0	0	0	0	24	27	0	0	0	0	0	0	0
fsh-generated/resources/Requirements-HIV.G.Diagnostics.json	349	4	0	0	0	0	0	0	0	9	0	0	0	0	0	0	0	0	0	0	20	33	0	0	0	0	0	0	0
fsh-generated/resources/Requirements-HIV.H.Followingupandcontactingclients.json	982	4	0	0	0	0	0	0	0	10	0	0	0	0	0	0	0	0	0	0	22	36	0	0	0	0	1	0	0
fsh-generated/resources/Requirements-HIV.I.Referral.json	1657	4	1	0	0	0	0	0	0	9	0	0	0	0	0	0	0	0	0	0	27	26	0	0	0	0	0	0	0
fsh-generated/resources/Requirements-HIV.J.Aggregatereportinganddatause.json	986	4	0	0	0	0	0	0	0	9	0	0	0	0	0	0	0	0	0	0	23	28	0	0	0	0	0	0	0
fsh-generated/resources/Requirements-HIVNonFunctionalRequirements.json	11719	4	0	0	0	0	0	0	1	24	0	0	0	0	0	0	0	0	0	0	73	33	0	0	0	0	2	0	0
fsh-generated/resources/StructureDefinition-ChildDeliveryObservation.json	2069	5	0	0	0	0	0	43	0	31	0	0	1	0	0	0	0	1	0	0	151	3090	0	0	0	0	6	0	1
fsh-generated/resources/StructureDefinition-HIVARegistration.json	18099	4	0	0	0	0	0	40	0	30	0	0	0	0	0	0	0	1	0	0	117	448	0	0	0	0	3	0	0
fsh-generated/resources/StructureDefinition-HIVBHTSvisit.json	74331	10	0	0	0	0	0	79	0	56	0	0	1	0	0	0	0	1	0	0	416	993	0	0	1	0	13	0	1
fsh-generated/resources/StructureDefinition-HIVCPrEPvisit.json	40522	8	0	0	0	0	0	61	0	29	0	0	0	0	0	0	0	1	0	0	234	516	0	0	0	0	6	0	0
fsh-generated/resources/StructureDefinition-HIVConfiguration.json	13929	6	0	0	0	0	0	38	0	15	0	0	0	0	0	0	0	1	0	0	95	260	0	0	0	0	3	0	0
fsh-generated/resources/StructureDefinition-HIVDCareTreatment.json	198974	15	0	0	0	0	0	125	0	117	0	0	1	0	0	0	0	4	0	0	1068	1522	0	0	1	0	34	1	2
fsh-generated/resources/StructureDefinition-HIVDHIVTB.json	23459	6	0	0	0	0	0	48	0	31	0	0	0	0	0	0	0	0	0	0	147	332	0	0	0	0	4	0	0
fsh-generated/resources/StructureDefinition-HIVEPMTCT.json	77678	11	1	0	0	0	0	47	0	61	0	0	1	0	0	0	0	2	0	0	438	1164	0	0	0	0	15	0	1
fsh-generated/resources/StructureDefinition-HIVGDiagnostics.json	23950	7	0	0	0	0	0	20	0	20	0	0	0	0	0	0	0	1	0	0	151	396	0	0	0	0	4	0	0
fsh-generated/resources/StructureDefinition-HIVHFollowup.json	18238	6	0	0	0	0	0	14	0	17	0	0	0	0	0	0	0	0	0	0	119	323	0	0	0	0	3	0	1
fsh-generated/resources/StructureDefinition-HIVIReferral.json	8164	6	0	0	0	0	0	10	0	11	0	0	0	0	0	0	0	0	0	0	66	238	0	0	0	0	1	0	0
fsh-generated/resources/StructureDefinition-HIVPrevention.json	12325	5	0	0	0	0	0	12	0	13	0	0	0	0	0	0	0	1	0	0	86	254	0	0	0	0	2	0	0
fsh-generated/resources/StructureDefinition-HIVSurveillance.json	1382	5	0	0	0	0	0	8	0	10	0	0	0	0	0	0	0	0	0	0	31	147	0	0	0	0	0	0	0
fsh-generated/resources/StructureDefinition-HcvViralLoadTest.json	1333	4	0	0	0	0	0	64	0	17	0	0	0	0	0	0	0	1	0	0	140	546	0	0	0	0	5	0	0
fsh-generated/resources/StructureDefinition-HcvViralLoadTestG.json	1336	5	0	0	0	0	0	17	0	20	0	0	0	0	0	0	0	1	0	0	138	508	0	0	0	0	5	0	1
fsh-generated/resources/StructureDefinition-HivAltPepBackbonePrescription.json	1242	4	0	0	0	0	0	40	0	16	0	0	0	0	0	0	0	0	0	0	135	505	0	0	0	0	5	0	0
fsh-generated/resources/StructureDefinition-HivAltThirdPepPrescription.json	1240	4	0	0	0	0	0	32	0	16	0	0	0	0	0	0	0	1	0	0	134	457	0	0	0	0	4	0	1
fsh-generated/resources/StructureDefinition-HivAncEncounter.json	856	4	0	0	0	0	0	60	0	15	0	0	1	0	0	0	0	1	0	0	146	497	0	0	0	0	5	1	0
fsh-generated/resources/StructureDefinition-HivAntiRetroviralEpisode.json	1101	3	1	0	0	0	0	19	0	13	0	0	0	0	0	0	0	1	0	0	86	256	0	0	0	0	2	0	0
fsh-generated/resources/StructureDefinition-HivAntiRetroviralTreatment.json	1590	4	0	0	0	0	0	19	0	43	0	0	0	0	0	0	0	0	0	0	84	261	0	0	0	0	3	0	0
fsh-generated/resources/StructureDefinition-HivCervicalCancerScreening.json	1374	4	0	0	0	0	0	39	0	15	0	0	0	0	0	0	0	1	0	0	133	379	0	0	1	0	5	0	1
fsh-generated/resources/StructureDefinition-HivCondition.json	829	4	0	0	0	0	0	26	0	14	0	0	0	0	0	0	0	1	0	0	97	366	0	0	0	0	3	0	0
fsh-generated/resources/StructureDefinition-HivCurrentPrepRegimenPrescription.json	1250	4	0	0	0	0	0	31	0	16	0	0	0	0	0	0	0	0	0	0	134	296	0	0	0	0	4	0	1
fsh-generated/resources/StructureDefinition-HivElevatedHivAcquisitionRiskCondition.json	983	4	0	0	0	0	0	14	0	13	0	0	0	0	0	0	0	1	0	0	96	221	0	0	0	0	3	0	0
fsh-generated/resources/StructureDefinition-HivElevatedRiskForAcquisition.json	1422	4	0	0	0	0	0	57	0	14	0	0	0	0	0	0	0	1	0	0	108	1961	0	0	0	0	4	0	0
fsh-generated/resources/StructureDefinition-HivEncounter.json	836	4	0	0	0	0	0	0	0	17	0	0	0	0	0	0	0	1	0	0	145	317	0	0	0	0	4	1	1
fsh-generated/resources/StructureDefinition-HivGonorhoeaTest.json	1339	4	0	0	0	0	0	26	0	16	0	0	0	0	0	0	0	1	0	0	140	335	0	0	0	0	5	0	0
fsh-generated/resources/StructureDefinition-HivGonorrhoeaTreatment.json	1681	4	0	0	0	0	0	30	0	14	0	0	0	0	0	0	0	0	0	0	117	203	0	0	0	0	3	0	0
fsh-generated/resources/StructureDefinition-HivHBsAgTest.json	1390	4	0	0	0	0	0	29	0	16	0	0	0	0	0	0	0	1	0	0	141	294	0	0	0	0	5	0	1
fsh-generated/resources/StructureDefinition-HivHBsAgTestD.json	1395	4	0	0	0	0	0	21	0	16	0	0	0	0	0	0	0	1	0	0	140	313	0	0	0	0	5	0	0
fsh-generated/resources/StructureDefinition-HivHcvTest.json	1376	4	1	0	0	0	0	16	0	16	0	0	1	0	0	0	0	0	0	0	141	355	0	0	0	0	5	0	0
fsh-generated/resources/StructureDefinition-HivHcvTestD.json	1377	4	0	0	0	0	0	17	0	16	0	0	0	0	0	0	0	1	0	0	142	299	0	0	0	0	5	0	1
fsh-generated/resources/StructureDefinition-HivHcvTreatment.json	1570	4	0	0	0	0	0	22	0	13	0	0	0	0	0	0	0	1	0	0	85	179	0	0	0	0	2	0	0
fsh-generated/resources/StructureDefinition-HivHcvViralLoadTest.json	1388	4	0	0	0	0	0	19	0	18	0	0	0	0	0	0	0	0	0	0	139	298	0	0	0	0	5	1	0
fsh-generated/resources/StructureDefinition-HivHcvViralLoadTestD.json	1391	6	0	0	0	0	0	19	0	17	0	0	0	0	0	0	0	1	0	0	139	287	0	0	0	0	5	0	1
fsh-generated/resources/StructureDefinition-HivHivTest.json	1077	10	0	0	0	0	0	17	0	16	0	0	0	0	0	0	0	1	0	0	137	427	0	0	0	0	5	0	0
fsh-generated/resources/StructureDefinition-HivHtsVisit.json	836	9	0	0	0	0	0	18	0	17	0	0	0	0	0	0	0	1	0	0	146	351	0	0	0	0	5	0	1
fsh-generated/resources/StructureDefinition-HivInfantPatient.json	864	7	0	0	0	0	0	51	0	17	0	0	0	0	0	0	0	1	0	0	122	334	0	0	0	0	4	0	0
fsh-generated/resources/StructureDefinition-HivInvasiveCervicalCancerDiagnosis.json	1062	4	0	0	0	0	0	21	0	14	0	0	0	0	0	1	0	1	0	0	100	213	0	0	0	0	3	0	1
fsh-generated/resources/StructureDefinition-HivInvasiveCervicalCancerTreatment.json	1062	4	0	0	0	0	0	28	0	14	0	0	0	0	0	0	0	0	0	0	112	270	0	0	0	0	3	0	0
fsh-generated/resources/StructureDefinition-HivKeyPopulation.json	1765	4	1	0	0	0	0	31	0	17	0	0	0	0	0	0	0	1	0	0	147	275	0	0	0	0	6	0	0
fsh-generated/resources/StructureDefinition-HivLabTestObservation.json	1956	5	0	0	0	0	0	0	0	17	0	0	0	0	0	0	0	1	0	0	147	282	0	0	0	0	5	0	1
fsh-generated/resources/StructureDefinition-HivLabTestServiceRequest.json	1260	4	0	0	0	0	0	26	0	15	0	0	0	0	0	0	0	1	0	0	107	236	0	0	0	0	4	1	0
fsh-generated/resources/StructureDefinition-HivLabTestSpecimen.json	796	4	0	0	0	0	0	23	0	14	0	0	0	0	0	0	0	0	0	0	99	235	0	0	0	0	3	0	0
fsh-generated/resources/StructureDefinition-HivMother.json	841	4	0	0	0	0	0	14	0	14	0	0	0	0	0	0	0	1	0	0	122	275	0	0	0	0	4	0	1
fsh-generated/resources/StructureDefinition-HivOamTreatment.json	913	4	0	0	0	0	0	17	0	12	0	0	0	0	0	0	0	1	0	0	77	170	0	0	0	0	2	0	0
fsh-generated/resources/StructureDefinition-HivOnArt.json	1481	4	0	0	0	0	0	17	0	12	0	0	0	0	0	0	0	0	0	0	87	166	0	0	0	0	3	0	0
fsh-generated/resources/StructureDefinition-HivPatient.json	1303	4	0	0	0	0	0	0	0	16	0	0	0	0	0	0	0	1	0	0	132	276	0	0	0	0	4	0	1
fsh-generated/resources/StructureDefinition-HivPepBackboneAlternativeTreatment.json	1277	4	0	0	0	0	0	30	0	12	0	0	0	0	0	0	0	0	0	0	79	165	0	0	0	0	2	0	0
fsh-generated/resources/StructureDefinition-HivPepBackbonePreferredTreatment.json	1268	4	1	0	0	0	0	11	0	15	0	0	0	0	0	0	0	1	0	0	77	168	0	0	0	0	3	0	0
fsh-generated/resources/StructureDefinition-HivPepThirdAlternativeTreatment.json	1278	4	0	0	0	0	0	14	0	12	0	0	0	0	0	0	0	0	0	0	79	337	0	0	0	0	2	0	0
fsh-generated/resources/StructureDefinition-HivPepThirdPreferredTreatment.json	1267	4	0	0	0	0	0	12	0	13	0	0	0	0	0	0	0	0	0	0	85	219	0	0	0	0	2	0	0
fsh-generated/resources/StructureDefinition-HivPregnancyCondition.json	886	4	0	0	1	0	0	15	0	13	0	0	0	0	0	0	0	1	0	0	97	232	0	0	0	0	3	0	1
fsh-generated/resources/StructureDefinition-HivPrepTreatment.json	1541	9	0	0	0	0	0	13	0	13	0	0	0	0	0	0	0	0	0	0	88	213	0	0	0	0	3	1	0
fsh-generated/resources/StructureDefinition-HivPreventionIntervention.json	1610	7	0	0	0	0	0	32	0	16	0	0	0	0	0	0	0	1	0	0	141	329	0	0	0	0	5	0	0
fsh-generated/resources/StructureDefinition-HivStatusCondition.json	1581	4	0	0	0	0	0	24	0	26	0	0	0	0	0	0	0	1	0	0	109	242	0	0	0	0	3	0	1
fsh-generated/resources/StructureDefinition-HivStatusObservation.json	1438	4	0	0	0	0	0	30	0	25	0	0	0	0	0	0	0	1	0	0	137	284	0	0	0	0	5	0	0
fsh-generated/resources/StructureDefinition-HivStiServices.json	812	4	0	0	0	0	0	26	0	22	0	0	0	0	0	0	0	0	0	0	106	240	0	0	0	0	4	0	0
fsh-generated/resources/StructureDefinition-HivSyndromeStiDiagnosis.json	1116	4	0	0	0	0	0	13	0	22	0	0	1	0	0	0	0	1	0	0	100	205	0	0	0	0	3	0	1
fsh-generated/resources/StructureDefinition-HivTreatment.json	940	4	1	0	0	0	0	47	0	24	0	0	0	0	0	0	0	1	0	0	133	263	0	0	0	0	4	0	0
fsh-generated/resources/StructureDefinition-HivTreatmentMedicationRequest.json	1208	4	0	0	0	0	0	0	0	18	0	0	0	0	0	0	0	1	0	0	133	261	0	0	0	0	5	0	0
fsh-generated/resources/StructureDefinition-HivTreatmentMedicationStatement.json	967	3	0	0	0	0	0	0	0	11	0	0	0	0	0	0	0	0	0	0	89	173	0	0	0	0	2	0	1
fsh-generated/resources/StructureDefinition-HivTreatmentProcedure.json	876	4	0	0	0	0	0	27	0	14	0	0	0	0	0	0	0	1	0	0	107	223	0	0	0	0	3	1	0
fsh-generated/resources/StructureDefinition-HivVmmcAdverseEvent.json	1378	4	0	0	0	0	0	38	0	12	0	0	0	0	0	0	0	0	0	0	95	209	0	0	0	0	3	0	0
fsh-generated/resources/StructureDefinition-HivVmmcProcedure.json	1273	4	0	0	0	0	0	14	0	18	0	0	0	0	0	0	0	1	0	0	121	227	0	0	0	0	4	0	1
fsh-generated/resources/ValueSet-HIV.A.DE13.json	569	4	0	0	0	0	0	0	0	61	0	0	0	0	0	0	0	0	0	0	20	6852	0	0	0	0	0	0	0
fsh-generated/resources/ValueSet-HIV.A.DE18.json	1178	4	0	0	0	0	0	0	1	10	0	0	0	0	0	0	0	0	0	0	22	126	0	0	0	0	0	0	0
fsh-generated/resources/ValueSet-HIV.A.DE25.json	986	4	0	0	0	0	0	0	0	12	0	0	0	0	0	0	0	0	0	0	21	92	0	0	0	0	1	0	0
fsh-generated/resources/ValueSet-HIV.A.DE30.json	1774	4	0	0	0	0	0	0	0	10	0	0	0	0	0	0	0	0	0	0	23	119	0	0	0	0	0	0	0
fsh-generated/resources/ValueSet-HIV.A.DE43.json	890	4	0	0	0	0	0	0	0	7	0	0	0	0	0	0	0	0	0	0	20	85	0	0	0	0	0	0	0
fsh-generated/resources/ValueSet-HIV.A.DE46.json	968	4	1	0	0	0	0	0	0	9	0	0	0	0	0	0	0	0	0	0	22	80	0	0	0	0	0	0	0
fsh-generated/resources/ValueSet-HIV.A.DE5.json	898	4	0	0	0	0	0	0	0	9	0	0	0	0	0	0	0	0	0	0	20	101	0	0	0	0	0	0	0
fsh-generated/resources/ValueSet-HIV.B.DE1.json	1042	4	0	0	0	0	0	0	0	9	0	0	0	0	0	0	0	0	0	0	21	81	0	0	0	0	0	0	0
fsh-generated/resources/ValueSet-HIV.B.DE102.json	1049	4	0	0	0	0	0	0	0	9	0	0	0	0	0	0	0	0	0	0	20	88	0	0	0	0	0	0	0
fsh-generated/resources/ValueSet-HIV.B.DE106.json	1067	4	0	0	0	0	0	0	0	8	0	0	0	0	0	0	0	0	0	0	21	82	0	0	0	0	1	0	0
fsh-generated/resources/ValueSet-HIV.B.DE111.json	1058	4	0	0	0	0	0	0	0	9	0	0	0	0	0	0	0	0	0	0	21	81	0	0	0	0	0	0	0
fsh-generated/resources/ValueSet-HIV.B.DE115.json	1108	4	0	0	0	0	0	0	0	8	0	0	0	0	0	0	0	0	0	0	21	92	0	0	0	0	0	0	0
fsh-generated/resources/ValueSet-HIV.B.DE120.json	627	4	0	0	0	0	0	0	0	8	0	0	0	0	0	0	0	0	0	0	19	72	0	0	0	0	0	0	0
fsh-generated/resources/ValueSet-HIV.B.DE121.json	1499	4	0	0	0	0	0	0	0	9	0	0	0	0	0	0	0	0	0	0	22	91	0	0	0	0	0	0	0
fsh-generated/resources/ValueSet-HIV.B.DE132.json	1045	4	0	0	0	0	0	0	0	16	0	0	0	0	0	0	0	0	0	0	21	78	0	0	0	0	0	0	0
fsh-generated/resources/ValueSet-HIV.B.DE136.json	1100	4	0	0	0	0	0	0	0	8	0	0	0	0	0	0	0	0	0	0	22	77	0	0	0	0	0	0	0
fsh-generated/resources/ValueSet-HIV.B.DE142.json	1518	4	1	0	0	0	0	0	0	15	0	0	0	0	0	0	0	0	0	0	24	91	0	0	0	0	1	0	0
fsh-generated/resources/ValueSet-HIV.B.DE149.json	2002	4	0	0	0	0	0	0	1	15	0	0	0	0	0	0	0	0	0	0	26	101	0	0	0	0	0	0	0
fsh-generated/resources/ValueSet-HIV.B.DE15.json	974	4	0	0	0	0	0	0	0	11	0	0	0	0	0	0	0	0	0	0	21	87	0	0	0	0	0	0	0
fsh-generated/resources/ValueSet-HIV.B.DE158.json	1551	4	0	0	0	0	0	0	0	8	0	0	0	0	0	0	0	0	0	0	24	84	0	0	0	0	0	0	0
fsh-generated/resources/ValueSet-HIV.B.DE165.json	1700	4	0	0	0	0	0	0	0	9	0	0	0	0	0	0	0	1	0	0	23	95	0	0	0	1	0	0	0
fsh-generated/resources/ValueSet-HIV.B.DE172.json	1382	4	0	0	0	0	0	0	0	9	0	0	0	0	0	0	0	0	0	0	23	80	0	0	0	0	1	0	0
fsh-generated/resources/ValueSet-HIV.B.DE179.json	1229	4	0	0	0	0	0	0	0	8	0	0	0	0	0	0	0	0	0	0	22	83	0	0	0	0	0	0	0
fsh-generated/resources/ValueSet-HIV.B.DE18.json	1205	3	0	0	0	0	0	0	0	9	0	0	0	0	0	0	0	0	0	0	21	76	0	0	0	0	0	0	0
fsh-generated/resources/ValueSet-HIV.B.DE191.json	954	4	0	0	0	0	0	0	0	9	0	0	0	0	0	0	0	0	0	0	22	74	0	0	0	0	0	0	0
fsh-generated/resources/ValueSet-HIV.B.DE201.json	643	4	0	0	0	0	0	0	0	8	0	0	0	0	0	0	0	0	0	0	20	83	0	0	0	0	0	0	0
fsh-generated/resources/ValueSet-HIV.B.DE204.json	965	4	0	0	0	0	0	0	0	8	0	0	0	0	0	0	0	0	0	0	21	97	0	0	0	0	0	0	0
fsh-generated/resources/ValueSet-HIV.B.DE207.json	2333	4	1	0	0	0	0	0	0	9	0	0	0	0	0	0	0	0	0	0	27	111	0	0	0	0	1	0	0
fsh-generated/resources/ValueSet-HIV.B.DE22.json	1503	4	0	0	0	0	0	0	0	9	0	0	0	0	0	0	0	0	0	0	22	85	0	0	0	0	0	0	0
fsh-generated/resources/ValueSet-HIV.B.DE226.json	1493	4	0	0	0	0	0	0	0	9	0	0	0	0	0	0	0	0	0	0	23	90	0	0	0	0	0	0	0
fsh-generated/resources/ValueSet-HIV.B.DE237.json	1767	4	0	0	0	0	0	0	0	9	0	0	0	0	0	0	0	0	0	0	23	90	0	0	0	0	0	0	0
fsh-generated/resources/ValueSet-HIV.B.DE250.json	1012	4	0	0	0	0	0	0	0	9	0	0	0	0	0	0	0	0	0	0	21	77	0	0	0	0	0	0	0
fsh-generated/resources/ValueSet-HIV.B.DE256.json	1016	3	0	0	0	0	0	0	0	8	0	0	0	0	0	0	0	0	0	0	21	74	0	0	0	0	0	0	0
fsh-generated/resources/ValueSet-HIV.B.DE261.json	1318	4	0	0	0	0	0	0	0	8	0	0	0	0	0	0	0	0	0	0	23	83	0	0	0	0	1	0	0
fsh-generated/resources/ValueSet-HIV.B.DE269.json	1232	4	0	0	0	0	0	0	1	9	0	0	0	0	0	0	0	0	0	0	21	80	0	0	0	0	0	0	0
fsh-generated/resources/ValueSet-HIV.B.DE276.json	1230	4	0	0	0	0	0	0	0	8	0	0	0	0	0	0	0	0	0	0	22	139	0	0	0	0	0	0	0
fsh-generated/resources/ValueSet-HIV.B.DE284.json	1321	4	0	0	0	0	0	0	0	9	0	0	0	0	0	0	0	0	0	0	22	83	0	0	0	0	0	0	0
fsh-generated/resources/ValueSet-HIV.B.DE293.json	1230	4	0	0	0	0	0	0	0	8	0	0	0	0	0	0	0	0	0	0	21	79	0	0	0	0	0	0	0
fsh-generated/resources/ValueSet-HIV.B.DE301.json	1056	4	1	0	0	0	0	0	0	9	0	0	0	0	0	0	0	0	0	0	21	76	0	0	0	0	0	0	0
fsh-generated/resources/ValueSet-HIV.B.DE306.json	1043	4	0	0	0	0	0	0	0	8	0	0	0	0	0	0	0	0	0	0	21	82	0	0	0	0	0	0	0
fsh-generated/resources/ValueSet-HIV.B.DE312.json	1002	3	0	0	0	0	0	0	0	8	0	0	0	0	0	0	0	0	0	0	21	85	0	0	0	0	1	0	0
fsh-generated/resources/ValueSet-HIV.B.DE317.json	1230	4	0	0	0	0	0	0	0	9	0	0	0	0	0	0	0	0	0	0	22	81	0	0	0	0	0	0	0
fsh-generated/resources/ValueSet-HIV.B.DE325.json	1028	4	0	0	0	0	0	0	0	9	0	0	0	0	0	0	0	0	0	0	22	77	0	0	0	0	0	0	0
fsh-generated/resources/ValueSet-HIV.B.DE33.json	1032	4	0	0	0	0	0	0	0	9	0	0	0	0	0	0	0	0	0	0	22	77	0	0	0	0	0	0	0
fsh-generated/resources/ValueSet-HIV.B.DE37.json	1357	4	0	0	0	0	0	0	0	9	0	0	0	0	0	0	0	0	0	0	22	88	0	0	0	0	0	0	0
fsh-generated/resources/ValueSet-HIV.B.DE44.json	579	4	0	0	0	0	0	0	0	8	0	0	0	0	0	0	0	0	0	0	20	70	0	0	0	0	0	0	0
fsh-generated/resources/ValueSet-HIV.B.DE5.json	1100	4	0	0	0	0	0	0	0	8	0	0	0	0	0	0	0	0	0	0	26	76	0	0	0	0	0	0	0
fsh-generated/resources/ValueSet-HIV.B.DE50.json	1325	3	0	0	0	0	0	0	0	9	0	0	0	0	0	0	0	0	0	0	23	83	0	0	0	0	1	0	0
fsh-generated/resources/ValueSet-HIV.B.DE61.json	1060	4	0	0	0	0	0	0	0	9	0	0	0	0	0	0	0	0	0	0	22	76	0	0	0	0	0	0	0
fsh-generated/resources/ValueSet-HIV.B.DE66.json	607	4	0	0	0	0	0	0	0	8	0	0	0	0	0	0	0	0	0	0	18	67	0	0	0	0	0	0	0
fsh-generated/resources/ValueSet-HIV.B.DE68.json	895	4	1	0	0	0	0	0	0	8	0	0	0	0	0	0	0	0	0	0	20	75	0	0	0	0	0	0	0
fsh-generated/resources/ValueSet-HIV.B.DE74.json	1205	4	0	0	0	0	0	0	0	9	0	0	0	0	0	0	0	0	0	0	22	81	0	0	0	0	0	0	0
fsh-generated/resources/ValueSet-HIV.B.DE8.json	1227	4	0	0	0	0	0	0	0	9	0	0	0	0	0	0	0	0	0	0	22	249	0	0	0	0	0	0	0
fsh-generated/resources/ValueSet-HIV.B.DE81.json	1264	4	0	0	0	0	0	0	1	9	0	0	0	0	0	0	0	0	0	0	22	80	0	0	0	0	0	0	0
fsh-generated/resources/ValueSet-HIV.B.DE88.json	614	3	0	0	0	0	0	0	0	8	0	0	0	0	0	0	0	0	0	0	19	67	0	0	0	0	1	0	0
fsh-generated/resources/ValueSet-HIV.B.DE94.json	1043	4	0	0	0	0	0	0	0	9	0	0	0	0	0	0	0	0	0	0	22	76	0	0	0	0	0	0	0
fsh-generated/resources/ValueSet-HIV.B.DE98.json	1046	4	0	0	0	0	0	0	0	9	0	0	0	0	0	0	0	0	0	0	22	75	0	0	0	0	0	0	0
fsh-generated/resources/ValueSet-HIV.C.DE1.json	1290	4	0	0	0	0	0	0	0	9	0	0	0	0	0	0	0	0	0	0	22	83	0	0	0	0	0	0	0
fsh-generated/resources/ValueSet-HIV.C.DE101.json	1099	4	0	0	0	0	0	0	0	9	0	0	0	0	0	0	0	0	0	0	22	76	0	0	0	0	0	0	0
fsh-generated/resources/ValueSet-HIV.C.DE107.json	1222	4	0	0	0	0	0	0	0	9	0	0	0	0	0	0	0	0	0	0	21	74	0	0	0	0	0	0	0
fsh-generated/resources/ValueSet-HIV.C.DE11.json	1088	4	1	0	0	0	0	0	0	9	0	0	0	0	0	0	0	0	0	0	25	78	0	0	0	0	0	0	0
fsh-generated/resources/ValueSet-HIV.C.DE112.json	1526	4	0	0	0	0	0	0	0	9	0	0	0	0	0	0	0	0	0	0	22	84	0	0	0	0	1	0	0
fsh-generated/resources/ValueSet-HIV.C.DE122.json	600	4	0	0	0	0	0	0	0	8	0	0	0	0	0	0	0	0	0	0	20	67	0	0	0	0	0	0	0
fsh-generated/resources/ValueSet-HIV.C.DE125.json	1070	4	0	0	0	0	0	0	0	8	0	0	0	0	0	0	0	0	0	0	22	75	0	0	0	0	0	0	0
fsh-generated/resources/ValueSet-HIV.C.DE131.json	1311	3	0	0	0	0	0	0	0	9	0	0	0	0	0	0	0	0	0	0	21	79	0	0	0	0	0	0	0
fsh-generated/resources/ValueSet-HIV.C.DE138.json	921	4	0	0	0	0	0	0	0	9	0	0	0	0	0	0	0	0	0	0	21	80	0	0	0	0	0	0	0
fsh-generated/resources/ValueSet-HIV.C.DE143.json	1310	4	0	0	0	0	0	0	0	11	0	0	0	0	0	0	0	0	0	0	28	79	0	0	0	0	0	0	0
fsh-generated/resources/ValueSet-HIV.C.DE149.json	1512	4	0	0	0	0	0	0	0	9	0	0	0	0	0	0	0	0	0	0	23	83	0	0	0	0	0	0	0
fsh-generated/resources/ValueSet-HIV.C.DE157.json	1679	4	0	0	0	0	0	0	0	9	0	0	0	0	0	0	0	0	0	0	23	80	0	0	0	0	1	0	0
fsh-generated/resources/ValueSet-HIV.C.DE164.json	1382	4	0	0	0	0	0	0	0	9	0	0	0	0	0	0	0	0	0	0	22	80	0	0	0	0	0	0	0
fsh-generated/resources/ValueSet-HIV.C.DE17.json	1330	4	0	0	0	0	0	0	0	9	0	0	0	0	0	0	0	0	0	0	22	82	0	0	0	0	0	0	0
fsh-generated/resources/ValueSet-HIV.C.DE24.json	1069	4	1	0	0	0	0	0	0	8	0	0	0	0	0	0	0	0	0	0	21	75	0	0	0	0	0	0	0
fsh-generated/resources/ValueSet-HIV.C.DE31.json	966	4	0	0	0	0	0	1	0	9	0	0	0	0	0	0	0	0	0	0	21	73	0	0	0	0	0	0	0
fsh-generated/resources/ValueSet-HIV.C.DE36.json	1308	4	0	0	0	0	0	0	1	8	0	0	0	0	0	0	0	0	0	0	23	79	0	0	0	0	1	0	0
fsh-generated/resources/ValueSet-HIV.C.DE41.json	1290	4	0	0	0	0	0	0	0	9	0	0	0	0	0	0	0	0	0	1	21	76	0	0	0	0	0	0	0
fsh-generated/resources/ValueSet-HIV.C.DE46.json	1500	4	0	0	0	0	0	0	0	9	0	0	0	0	0	0	0	0	0	0	22	86	0	0	1	0	0	0	0
fsh-generated/resources/ValueSet-HIV.C.DE55.json	1395	4	0	0	0	0	0	0	0	9	0	0	0	0	0	0	0	1	0	0	26	81	0	0	0	0	0	0	0
fsh-generated/resources/ValueSet-HIV.C.DE63.json	1570	4	0	0	0	0	0	0	0	9	0	0	0	0	0	0	0	0	0	0	22	88	0	0	0	0	0	0	0
fsh-generated/resources/ValueSet-HIV.C.DE75.json	1042	4	0	0	0	0	0	0	0	9	0	0	0	0	0	0	0	0	0	0	21	75	0	0	0	0	0	0	0
fsh-generated/resources/ValueSet-HIV.C.DE80.json	1133	4	0	0	0	0	0	0	0	9	0	0	0	0	0	0	0	0	0	0	22	80	0	0	0	0	1	0	0
fsh-generated/resources/ValueSet-HIV.C.DE91.json	1024	4	0	0	0	0	0	0	0	9	0	0	0	0	0	0	0	0	0	0	20	74	0	0	0	0	0	0	0
fsh-generated/resources/ValueSet-HIV.C.DE95.json	1028	3	0	0	0	0	0	0	0	9	0	0	0	0	0	0	0	0	0	0	25	75	0	0	0	0	0	0	0
fsh-generated/resources/ValueSet-HIV.C.DE99.json	819	4	0	0	0	0	0	0	0	8	0	0	0	0	0	0	0	0	0	0	21	71	0	0	0	0	0	0	0
fsh-generated/resources/ValueSet-HIV.Config.DE12.json	1176	4	1	0	0	0	0	0	0	9	0	0	0	0	0	0	0	0	0	0	23	74	0	0	0	0	0	0	0
fsh-generated/resources/ValueSet-HIV.Config.DE19.json	663	4	0	0	0	0	0	0	0	8	0	0	0	0	0	0	0	0	0	0	20	66	0	0	0	0	0	0	0
fsh-generated/resources/ValueSet-HIV.D.DE1.json	1449	4	0	0	0	0	0	0	0	9	0	0	0	0	0	0	0	0	0	0	22	81	0	0	0	0	0	0	0
fsh-generated/resources/ValueSet-HIV.D.DE1002.json	1340	4	0	0	0	0	0	0	0	9	0	0	0	0	0	0	0	0	0	0	26	81	0	0	0	0	1	0	0
fsh-generated/resources/ValueSet-HIV.D.DE1010.json	1344	4	0	0	0	0	0	0	0	9	0	0	0	0	0	0	0	0	0	0	22	80	0	0	0	0	0	0	0
fsh-generated/resources/ValueSet-HIV.D.DE1019.json	1048	4	0	0	0	0	0	0	0	9	0	0	0	0	0	0	0	0	0	0	23	77	0	0	0	0	0	0	0
fsh-generated/resources/ValueSet-HIV.D.DE1028.json	1264	4	0	0	0	0	0	0	0	10	0	0	0	0	0	0	0	0	0	0	22	77	0	0	0	0	0	0	0
fsh-generated/resources/ValueSet-HIV.D.DE1034.json	1274	4	0	0	0	0	0	0	0	9	0	0	0	0	0	0	0	0	0	0	22	82	0	0	0	0	0	0	0
fsh-generated/resources/ValueSet-HIV.D.DE128.json	2271	4	0	0	0	0	0	0	1	10	0	0	0	0	0	0	0	0	0	0	24	106	0	0	0	0	0	0	0
fsh-generated/resources/ValueSet-HIV.D.DE146.json	1187	3	0	0	0	0	0	0	0	9	0	0	0	0	0	0	0	0	0	0	21	87	0	0	0	0	1	0	0
fsh-generated/resources/ValueSet-HIV.D.DE152.json	1173	4	0	0	0	0	0	0	0	9	0	0	0	0	0	0	0	0	0	0	23	72	0	0	0	0	0	0	0
fsh-generated/resources/ValueSet-HIV.D.DE156.json	1254	4	1	0	0	0	0	0	0	11	0	0	0	0	0	0	0	0	0	0	22	83	0	0	0	0	0	0	0
fsh-generated/resources/ValueSet-HIV.D.DE162.json	1022	4	0	0	0	0	0	0	0	9	0	0	0	0	0	0	0	0	0	0	20	75	0	0	0	0	0	0	0
fsh-generated/resources/ValueSet-HIV.D.DE168.json	601	4	0	0	0	0	0	0	0	8	0	0	0	0	0	0	0	0	0	0	23	66	0	0	0	0	0	0	0
fsh-generated/resources/ValueSet-HIV.D.DE17.json	2009	4	0	0	0	0	0	0	0	9	0	0	0	0	0	0	0	0	0	0	25	143	0	0	0	0	0	0	0
fsh-generated/resources/ValueSet-HIV.D.DE170.json	1056	4	0	0	0	0	0	0	0	9	0	0	0	0	0	0	0	0	0	0	22	83	0	0	0	0	0	0	0
fsh-generated/resources/ValueSet-HIV.D.DE177.json	601	3	0	0	0	0	0	0	0	8	0	0	0	0	0	0	0	0	0	0	21	68	0	0	0	0	1	0	0
fsh-generated/resources/ValueSet-HIV.D.DE179.json	947	4	0	0	0	0	0	0	0	9	0	0	0	0	0	0	0	0	0	0	22	73	0	0	0	0	0	0	0
fsh-generated/resources/ValueSet-HIV.D.DE182.json	941	4	0	0	0	0	0	0	0	8	0	0	0	0	0	0	0	0	0	0	24	73	0	0	0	0	0	0	0
fsh-generated/resources/ValueSet-HIV.D.DE186.json	1432	4	0	0	0	0	0	0	0	9	0	0	0	0	0	0	0	0	0	0	24	79	0	0	0	0	0	0	0
fsh-generated/resources/ValueSet-HIV.D.DE197.json	2553	4	0	0	0	0	0	0	0	10	0	0	0	0	0	0	0	0	0	0	26	125	0	0	0	0	0	0	0
fsh-generated/resources/ValueSet-HIV.D.DE217.json	1406	4	0	0	0	0	0	0	0	9	0	0	0	0	0	0	0	0	0	0	23	81	0	0	0	0	0	0	0
fsh-generated/resources/ValueSet-HIV.D.DE225.json	1033	4	1	0	0	0	0	0	0	10	0	0	0	0	0	0	0	0	0	0	20	75	0	0	0	0	1	0	0
fsh-generated/resources/ValueSet-HIV.D.DE229.json	2872	3	0	0	0	0	0	0	0	10	0	0	0	0	0	0	0	0	0	0	27	110	0	0	0	0	0	0	0
fsh-generated/resources/ValueSet-HIV.D.DE247.json	2141	4	0	0	0	0	0	0	1	9	0	0	0	0	0	0	0	0	0	0	25	94	0	0	0	0	0	0	0
fsh-generated/resources/ValueSet-HIV.D.DE259.json	3721	4	0	0	0	0	0	0	0	12	0	0	0	0	0	0	0	0	0	0	30	129	0	0	0	0	1	0	0
fsh-generated/resources/ValueSet-HIV.D.DE289.json	9483	4	0	0	0	0	0	0	0	14	0	0	0	0	0	0	0	0	0	0	49	206	0	0	0	0	1	0	0
fsh-generated/resources/ValueSet-HIV.D.DE358.json	1207	4	0	0	0	0	0	0	0	9	0	0	0	0	0	0	0	0	0	0	23	77	0	0	0	0	0	0	0
fsh-generated/resources/ValueSet-HIV.D.DE370.json	1980	4	0	0	0	0	0	0	0	12	0	0	0	0	0	0	0	0	0	0	25	92	0	0	0	0	0	0	0
fsh-generated/resources/ValueSet-HIV.D.DE383.json	1098	4	0	0	0	0	0	0	0	10	0	0	0	0	0	0	0	0	0	0	21	75	0	0	0	0	0	0	0
fsh-generated/resources/ValueSet-HIV.D.DE391.json	1341	4	0	0	0	0	0	0	0	9	0	0	0	0	0	0	0	0	0	0	23	80	0	0	0	0	0	0	0
fsh-generated/resources/ValueSet-HIV.D.DE399.json	2199	4	0	0	0	0	0	0	0	9	0	0	0	0	0	0	0	0	0	0	27	103	0	0	0	0	1	0	0
fsh-generated/resources/ValueSet-HIV.D.DE418.json	1527	4	0	0	0	0	0	0	0	10	0	0	0	0	0	0	0	0	0	0	24	84	0	0	0	0	0	0	0
fsh-generated/resources/ValueSet-HIV.D.DE43.json	950	4	1	0	0	0	0	0	1	9	0	0	0	0	0	0	0	0	0	0	23	74	0	0	0	0	0	0	0
fsh-generated/resources/ValueSet-HIV.D.DE430.json	1184	4	0	0	0	0	0	0	0	10	0	0	0	0	0	0	0	0	0	0	23	80	0	0	0	0	0	0	0
fsh-generated/resources/ValueSet-HIV.D.DE444.json	575	4	0	0	0	0	0	0	0	8	0	0	0	0	0	0	0	0	0	0	19	67	0	0	0	0	0	0	0
fsh-generated/resources/ValueSet-HIV.D.DE446.json	971	3	0	0	0	0	0	0	0	9	0	0	0	0	0	0	0	0	0	0	21	74	0	0	0	0	0	0	0
fsh-generated/resources/ValueSet-HIV.D.DE449.json	1232	4	0	0	0	0	0	0	0	10	0	0	0	0	0	0	0	0	0	0	23	80	0	0	0	0	1	0	0
fsh-generated/resources/ValueSet-HIV.D.DE457.json	618	4	0	0	0	0	0	0	0	8	0	0	0	0	0	0	0	0	0	0	21	67	0	0	0	0	0	0	0
fsh-generated/resources/ValueSet-HIV.D.DE461.json	627	4	0	0	0	0	0	0	0	8	0	0	0	0	0	0	0	0	0	0	21	66	0	0	0	0	0	0	0
fsh-generated/resources/ValueSet-HIV.D.DE466.json	2444	4	0	0	0	0	0	0	0	10	0	0	0	0	0	0	0	0	0	0	25	105	0	0	0	0	0	0	0
fsh-generated/resources/ValueSet-HIV.D.DE482.json	673	4	0	0	0	0	0	0	0	9	0	0	0	0	0	0	0	0	0	0	21	68	0	0	0	0	0	0	0
fsh-generated/resources/ValueSet-HIV.D.DE483.json	683	3	0	0	0	0	0	0	0	8	0	0	0	0	0	0	0	1	0	0	20	69	0	0	0	0	0	0	0
fsh-generated/resources/ValueSet-HIV.D.DE485.json	625	4	1	0	0	0	0	0	0	8	0	0	0	0	0	0	0	0	0	0	21	67	0	0	0	0	0	0	0
fsh-generated/resources/ValueSet-HIV.D.DE486.json	682	4	0	0	0	0	0	0	0	9	0	0	0	0	0	0	0	0	0	0	21	67	0	0	0	0	0	0	0
fsh-generated/resources/ValueSet-HIV.D.DE488.json	642	4	0	0	0	0	0	0	0	8	0	0	0	0	0	0	0	0	0	0	21	67	0	0	0	0	1	0	0
fsh-generated/resources/ValueSet-HIV.D.DE489.json	657	4	0	0	0	0	0	0	0	8	0	0	0	0	0	0	0	0	0	0	25	68	0	0	0	0	0	0	0
fsh-generated/resources/ValueSet-HIV.D.DE491.json	623	3	0	0	0	0	0	0	0	8	0	0	0	0	0	0	0	0	0	0	21	67	0	0	0	0	0	0	0
fsh-generated/resources/ValueSet-HIV.D.DE492.json	681	4	0	0	0	0	0	0	0	8	0	0	0	0	0	0	0	0	0	0	19	67	0	0	0	0	0	0	0
fsh-generated/resources/ValueSet-HIV.D.DE494.json	640	4	0	0	0	0	0	0	0	8	0	0	0	0	0	0	0	0	0	0	21	67	0	0	0	0	0	0	0
fsh-generated/resources/ValueSet-HIV.D.DE495.json	654	4	0	0	0	0	0	0	0	7	0	0	0	0	0	0	0	0	0	0	20	67	0	0	0	0	0	0	0
fsh-generated/resources/ValueSet-HIV.D.DE514.json	646	4	0	0	0	0	0	0	0	8	0	0	0	0	0	0	0	0	0	0	21	67	0	0	0	0	0	0	0
fsh-generated/resources/ValueSet-HIV.D.DE519.json	1253	4	0	0	0	0	0	0	0	9	0	0	0	0	0	0	0	0	0	0	26	85	0	0	0	1	0	0	0
fsh-generated/resources/ValueSet-HIV.D.DE52.json	596	4	0	0	0	0	0	0	0	8	0	0	0	0	0	0	0	0	0	0	21	67	0	0	0	0	0	0	0
fsh-generated/resources/ValueSet-HIV.D.DE525.json	1303	3	1	0	0	0	0	0	0	9	0	0	0	0	0	0	0	0	0	0	24	77	0	0	0	0	1	0	0
fsh-generated/resources/ValueSet-HIV.D.DE532.json	1000	4	0	0	0	0	0	0	0	8	0	0	0	0	0	0	0	0	0	0	21	74	0	0	0	0	0	0	0
fsh-generated/resources/ValueSet-HIV.D.DE537.json	2933	4	0	0	0	0	0	0	1	10	0	0	0	0	0	0	0	0	0	0	30	124	0	0	0	0	0	0	0
fsh-generated/resources/ValueSet-HIV.D.DE55.json	620	4	0	0	0	0	0	0	0	8	0	0	0	0	0	0	0	0	0	0	19	68	0	0	0	0	0	0	0
fsh-generated/resources/ValueSet-HIV.D.DE56.json	1413	4	0	0	0	0	0	0	0	9	0	0	0	0	0	0	0	0	0	0	22	83	0	0	0	0	0	0	0
fsh-generated/resources/ValueSet-HIV.D.DE560.json	1489	4	0	0	0	0	0	0	0	9	0	0	0	0	0	0	0	0	0	0	23	86	0	0	0	0	0	0	0
fsh-generated/resources/ValueSet-HIV.D.DE569.json	3363	3	0	0	0	0	0	0	0	10	0	0	0	0	0	0	0	0	0	0	29	149	0	0	0	0	1	0	0
fsh-generated/resources/ValueSet-HIV.D.DE593.json	1522	4	0	0	0	0	0	0	0	9	0	0	0	0	0	0	0	0	0	0	23	90	0	0	0	0	0	0	0
fsh-generated/resources/ValueSet-HIV.D.DE603.json	597	4	0	0	0	0	0	0	0	8	0	0	0	0	0	0	0	0	0	0	20	68	0	0	0	0	0	0	0
fsh-generated/resources/ValueSet-HIV.D.DE604.json	578	4	0	0	0	0	0	0	0	8	0	0	0	0	0	0	0	0	0	0	22	66	0	0	0	0	0	0	0
fsh-generated/resources/ValueSet-HIV.D.DE606.json	613	4	0	0	0	0	0	0	0	8	0	0	0	0	0	0	0	0	0	0	20	67	0	0	0	0	0	0	0
fsh-generated/resources/ValueSet-HIV.D.DE610.json	3252	4	0	0	0	0	0	0	0	10	0	0	0	0	0	0	0	0	0	0	28	131	0	0	0	0	1	0	0
fsh-generated/resources/ValueSet-HIV.D.DE63.json	668	3	1	0	0	0	0	0	0	8	0	0	0	0	0	0	0	0	0	0	20	67	0	0	0	0	0	0	0
fsh-generated/resources/ValueSet-HIV.D.DE636.json	1276	4	0	0	0	0	0	0	0	8	0	0	0	0	0	0	0	0	0	0	22	80	0	0	0	0	0	0	0
fsh-generated/resources/ValueSet-HIV.D.DE64.json	626	4	0	0	0	0	0	0	0	8	0	0	0	0	0	0	0	0	0	0	21	67	0	0	0	0	0	0	0
fsh-generated/resources/ValueSet-HIV.D.DE646.json	1162	4	0	0	0	0	0	0	0	9	0	0	0	0	0	0	0	0	0	0	22	80	0	0	0	0	0	0	0
fsh-generated/resources/ValueSet-HIV.D.DE65.json	1526	4	0	0	0	0	0	0	0	8	0	0	0	0	0	0	0	0	0	0	22	88	0	0	0	0	0	0	0
fsh-generated/resources/ValueSet-HIV.D.DE658.json	1164	4	0	0	0	0	0	0	0	9	0	0	0	0	0	0	0	0	0	0	22	83	0	0	0	0	0	0	0
fsh-generated/resources/ValueSet-HIV.D.DE664.json	1052	4	0	0	0	0	0	0	0	8	0	0	0	0	0	0	0	0	0	0	21	78	0	0	0	0	1	0	0
fsh-generated/resources/ValueSet-HIV.D.DE668.json	1134	4	0	0	0	0	0	0	1	9	0	0	0	0	0	0	0	0	0	0	22	83	0	0	0	0	0	0	0
fsh-generated/resources/ValueSet-HIV.D.DE673.json	1315	3	0	0	0	0	0	0	0	9	0	0	0	0	0	0	0	0	0	0	22	84	0	0	0	0	0	0	0
fsh-generated/resources/ValueSet-HIV.D.DE681.json	1225	4	0	0	0	0	0	0	0	8	0	0	0	0	0	0	0	0	0	0	22	129	0	0	0	0	0	0	0
fsh-generated/resources/ValueSet-HIV.D.DE688.json	919	4	0	0	0	0	0	0	0	9	0	0	0	0	0	0	0	0	0	0	24	76	0	0	0	0	0	0	0
fsh-generated/resources/ValueSet-HIV.D.DE691.json	1307	4	0	0	0	0	0	0	0	8	0	0	0	0	0	0	0	0	0	0	23	84	0	0	0	0	0	0	0
fsh-generated/resources/ValueSet-HIV.D.DE697.json	1203	4	1	0	0	0	0	0	0	9	0	0	0	0	0	0	0	0	0	0	24	75	0	0	0	0	1	0	0
fsh-generated/resources/ValueSet-HIV.D.DE706.json	1010	4	0	0	0	0	0	0	0	8	0	0	0	0	0	0	0	0	0	0	23	73	0	0	0	0	0	0	0
fsh-generated/resources/ValueSet-HIV.D.DE709.json	961	3	0	0	0	0	0	0	0	8	0	0	0	0	0	0	0	0	0	0	21	74	0	0	0	0	0	0	0
fsh-generated/resources/ValueSet-HIV.D.DE712.json	1237	4	0	0	0	0	0	0	0	9	0	0	0	0	0	0	0	0	0	0	25	81	0	0	0	0	0	0	0
fsh-generated/resources/ValueSet-HIV.D.DE719.json	1453	4	0	0	0	0	0	0	0	9	0	0	0	0	0	0	0	0	0	0	30	95	0	0	0	0	0	0	0
fsh-generated/resources/ValueSet-HIV.D.DE731.json	1567	4	0	0	0	0	0	0	0	9	0	0	0	0	0	0	0	0	0	0	28	109	0	0	0	0	0	0	0
fsh-generated/resources/ValueSet-HIV.D.DE74.json	629	4	0	0	0	0	0	0	0	7	0	0	0	0	0	0	0	0	0	0	22	68	0	0	0	0	0	0	0
fsh-generated/resources/ValueSet-HIV.D.DE746.json	1512	4	0	0	0	0	0	0	0	9	0	0	0	0	0	0	0	0	0	0	24	96	0	0	0	0	1	0	0
fsh-generated/resources/ValueSet-HIV.D.DE75.json	583	4	0	0	0	0	0	0	0	8	0	0	0	0	0	0	0	0	0	0	21	76	0	0	0	0	0	0	0
fsh-generated/resources/ValueSet-HIV.D.DE753.json	1673	3	0	0	0	0	0	0	0	9	0	0	0	0	0	0	0	0	0	0	24	96	0	0	0	0	0	0	0
fsh-generated/resources/ValueSet-HIV.D.DE764.json	1441	4	0	0	0	0	0	0	0	9	0	0	0	0	0	0	0	0	0	0	24	102	0	0	0	0	0	0	0
fsh-generated/resources/ValueSet-HIV.D.DE77.json	645	4	0	0	0	0	0	0	0	7	0	0	0	0	0	0	0	0	0	0	21	67	0	0	0	0	0	0	0
fsh-generated/resources/ValueSet-HIV.D.DE778.json	1493	10	1	0	0	0	0	0	0	9	0	0	0	0	0	0	0	0	0	0	33	86	0	0	0	0	0	0	0
fsh-generated/resources/ValueSet-HIV.D.DE78.json	649	6	0	0	0	0	0	0	0	8	0	0	0	0	0	0	0	0	0	0	22	68	0	0	0	0	1	0	0
fsh-generated/resources/ValueSet-HIV.D.DE789.json	1767	4	0	0	0	0	0	0	1	9	0	0	0	0	0	0	0	0	0	0	24	99	0	0	0	0	0	0	0
fsh-generated/resources/ValueSet-HIV.D.DE79.json	681	4	0	0	0	0	0	0	0	7	0	0	0	0	0	0	0	0	0	0	20	74	0	0	0	0	0	0	0
fsh-generated/resources/ValueSet-HIV.D.DE80.json	647	4	0	0	0	0	0	0	0	8	0	0	0	0	0	0	0	0	0	0	22	67	0	0	0	0	0	0	0
fsh-generated/resources/ValueSet-HIV.D.DE802.json	1012	4	0	0	0	0	0	0	0	9	0	0	0	0	0	0	0	0	0	0	21	77	0	0	0	0	0	0	0
fsh-generated/resources/ValueSet-HIV.D.DE808.json	1016	4	0	0	0	0	0	0	0	9	0	0	0	0	0	0	0	0	0	0	26	77	0	0	0	0	0	0	0
fsh-generated/resources/ValueSet-HIV.D.DE81.json	651	4	0	0	0	0	0	0	0	8	0	0	0	0	0	0	0	0	0	0	20	67	0	0	0	0	0	0	0
fsh-generated/resources/ValueSet-HIV.D.DE813.json	1318	4	0	0	0	0	0	0	0	9	0	0	0	0	0	0	0	0	0	0	22	100	0	0	0	0	0	0	0
fsh-generated/resources/ValueSet-HIV.D.DE82.json	638	3	0	0	0	0	0	0	0	8	0	0	0	0	0	0	0	0	0	0	19	69	0	0	0	0	0	0	0
fsh-generated/resources/ValueSet-HIV.D.DE821.json	1232	4	0	0	0	0	0	0	0	9	0	0	0	0	0	0	0	0	0	0	24	83	0	0	0	0	1	0	0
fsh-generated/resources/ValueSet-HIV.D.DE828.json	1230	4	1	0	0	0	0	0	0	9	0	0	0	0	0	0	0	0	0	0	21	86	0	0	0	0	0	0	0
fsh-generated/resources/ValueSet-HIV.D.DE83.json	1543	4	0	1	0	0	0	0	0	104	0	0	0	0	0	0	0	1	0	0	24	96	0	0	0	0	0	0	0
fsh-generated/resources/ValueSet-HIV.D.DE836.json	1321	4	0	0	0	0	0	0	0	10	0	0	0	0	0	0	0	0	0	0	21	85	0	0	0	0	0	0	0
fsh-generated/resources/ValueSet-HIV.D.DE845.json	1230	4	0	0	0	0	0	0	0	9	0	0	0	0	0	0	0	0	0	0	22	89	0	0	0	0	0	0	0
fsh-generated/resources/ValueSet-HIV.D.DE853.json	1056	4	0	0	0	0	0	0	0	8	0	0	0	0	0	0	0	0	0	0	23	78	0	0	0	0	0	0	0
fsh-generated/resources/ValueSet-HIV.D.DE858.json	1043	4	0	0	0	0	0	0	0	9	0	0	0	0	0	0	0	0	0	0	22	79	0	0	0	0	1	0	0
fsh-generated/resources/ValueSet-HIV.D.DE864.json	1002	3	0	0	0	0	0	0	0	9	0	0	0	0	0	0	0	0	0	0	23	79	0	0	0	0	0	0	0
fsh-generated/resources/ValueSet-HIV.D.DE869.json	1230	4	0	0	0	0	0	0	1	9	0	0	0	0	0	0	0	0	0	0	23	82	0	0	0	0	0	0	0
fsh-generated/resources/ValueSet-HIV.D.DE877.json	1028	4	0	0	0	0	0	0	0	8	0	0	0	0	0	0	0	0	0	0	21	77	0	0	0	0	0	0	0
fsh-generated/resources/ValueSet-HIV.D.DE893.json	971	4	0	0	0	0	0	0	0	9	0	0	0	0	0	0	0	0	0	0	25	76	0	0	0	0	0	0	0
fsh-generated/resources/ValueSet-HIV.D.DE897.json	1185	4	0	0	0	0	0	0	0	9	0	0	0	0	0	0	0	0	0	0	24	77	0	0	0	0	0	0	1
fsh-generated/resources/ValueSet-HIV.D.DE90.json	4378	4	0	0	0	0	0	0	0	10	0	0	0	0	0	0	0	0	0	0	34	157	0	0	0	0	1	0	0
fsh-generated/resources/ValueSet-HIV.D.DE903.json	3609	4	1	0	0	0	0	0	0	11	0	0	0	0	0	0	0	0	0	0	31	143	0	0	0	0	0	0	0
fsh-generated/resources/ValueSet-HIV.D.DE934.json	1128	4	0	0	0	0	0	0	0	8	0	0	0	0	0	0	0	0	0	0	24	78	0	0	0	0	0	0	0
fsh-generated/resources/ValueSet-HIV.D.DE939.json	965	4	0	0	0	0	0	0	0	9	0	0	0	0	0	0	0	0	0	0	21	77	0	0	0	0	0	0	0
fsh-generated/resources/ValueSet-HIV.D.DE942.json	957	4	0	0	0	0	0	0	0	8	0	0	0	0	0	0	0	0	0	0	22	75	0	0	0	0	1	0	0
fsh-generated/resources/ValueSet-HIV.D.DE947.json	1109	4	0	0	0	0	0	0	0	9	0	0	0	0	0	0	0	0	0	0	22	82	0	0	0	0	0	0	0
fsh-generated/resources/ValueSet-HIV.D.DE956.json	2486	4	0	0	0	0	0	0	0	9	0	0	0	0	0	0	0	0	0	0	27	102	0	0	0	0	0	0	0
fsh-generated/resources/ValueSet-HIV.D.DE973.json	1868	3	0	0	0	0	0	0	0	10	0	0	0	0	0	0	0	0	0	0	24	91	0	0	0	0	0	0	0
fsh-generated/resources/ValueSet-HIV.D.DE986.json	1066	4	0	0	0	0	0	0	0	9	0	0	0	0	0	0	0	0	0	0	24	75	0	0	0	0	0	0	0
fsh-generated/resources/ValueSet-HIV.D.DE992.json	1200	4	0	0	0	0	0	0	1	8	0	0	0	0	0	0	0	0	0	0	22	84	0	0	0	0	0	0	0
fsh-generated/resources/ValueSet-HIV.E.DE104.json	1061	4	0	0	0	0	0	0	0	9	0	0	0	0	0	0	0	0	0	0	22	77	0	0	0	0	1	0	0
fsh-generated/resources/ValueSet-HIV.E.DE108.json	1094	4	1	0	0	0	0	0	0	9	0	0	0	0	0	0	0	0	0	0	22	75	0	0	0	0	0	0	0
fsh-generated/resources/ValueSet-HIV.E.DE114.json	1230	4	0	0	0	0	0	0	0	8	0	0	0	0	0	0	0	0	0	0	23	76	0	0	0	0	0	0	0
fsh-generated/resources/ValueSet-HIV.E.DE127.json	1042	3	0	0	0	0	0	0	0	9	0	0	0	0	0	0	0	0	0	0	23	76	0	0	0	0	0	0	0
fsh-generated/resources/ValueSet-HIV.E.DE136.json	970	4	0	0	0	0	0	0	0	9	0	0	0	0	0	0	0	0	0	0	21	73	0	0	0	0	0	0	0
fsh-generated/resources/ValueSet-HIV.E.DE141.json	1026	4	0	0	0	0	0	0	0	9	0	0	0	0	0	0	0	0	0	0	22	76	0	0	0	0	0	0	0
fsh-generated/resources/ValueSet-HIV.E.DE145.json	1064	4	0	0	0	0	0	0	0	9	0	0	0	0	0	0	0	0	0	0	23	75	0	0	0	0	0	0	0
fsh-generated/resources/ValueSet-HIV.E.DE149.json	1030	4	0	0	0	0	0	0	0	9	0	0	0	0	0	0	0	0	0	0	22	75	0	0	0	0	1	0	0
fsh-generated/resources/ValueSet-HIV.E.DE155.json	1315	3	0	0	0	0	0	0	0	9	0	0	0	0	0	0	0	0	0	0	22	79	0	0	0	0	0	0	0
fsh-generated/resources/ValueSet-HIV.E.DE168.json	1173	4	0	0	0	0	0	0	0	9	0	0	0	0	0	0	0	0	0	0	23	80	0	0	0	0	0	0	0
fsh-generated/resources/ValueSet-HIV.E.DE17.json	2594	4	0	0	0	0	0	0	0	11	0	0	0	0	0	0	0	0	0	0	27	113	0	0	0	0	0	0	0
fsh-generated/resources/ValueSet-HIV.E.DE173.json	1121	4	0	0	0	0	0	0	0	9	0	0	0	0	0	0	0	0	0	0	22	76	0	0	0	0	0	0	0
fsh-generated/resources/ValueSet-HIV.E.DE180.json	582	4	1	0	0	0	0	0	0	8	0	0	0	0	0	0	0	0	0	0	19	67	0	0	0	0	0	0	0
fsh-generated/resources/ValueSet-HIV.E.DE183.json	604	4	0	0	0	0	0	0	0	8	0	0	0	0	0	0	0	0	0	0	20	66	0	0	0	0	1	0	0
fsh-generated/resources/ValueSet-HIV.E.DE186.json	1045	4	0	0	0	0	0	0	0	9	0	0	0	0	0	0	0	0	0	0	22	101	0	0	0	0	0	0	0
fsh-generated/resources/ValueSet-HIV.E.DE190.json	1045	3	0	0	0	0	0	0	0	9	0	0	0	0	0	0	0	0	0	0	22	94	0	0	0	0	0	0	0
fsh-generated/resources/ValueSet-HIV.E.DE194.json	617	4	0	0	0	0	0	0	0	8	0	0	0	0	0	0	0	0	0	0	21	67	0	0	0	0	0	0	0
fsh-generated/resources/ValueSet-HIV.E.DE200.json	1049	4	0	0	0	0	0	0	0	11	0	0	0	0	0	0	0	0	0	0	22	74	0	0	0	0	0	0	0
fsh-generated/resources/ValueSet-HIV.E.DE204.json	1050	4	0	0	0	0	0	0	0	9	0	0	0	0	0	0	0	0	0	0	22	77	0	0	0	0	0	0	0
fsh-generated/resources/ValueSet-HIV.E.DE208.json	1049	4	0	0	0	0	0	0	1	9	0	0	0	0	0	0	0	0	0	0	22	76	0	0	0	0	0	0	0
fsh-generated/resources/ValueSet-HIV.E.DE212.json	1067	4	0	0	0	0	0	0	0	9	0	0	0	0	0	0	0	0	0	0	22	76	0	0	0	0	0	0	0
fsh-generated/resources/ValueSet-HIV.E.DE216.json	1059	4	0	0	0	0	0	0	0	9	0	0	0	0	0	0	0	0	0	0	23	76	0	0	0	0	1	0	0
fsh-generated/resources/ValueSet-HIV.E.DE220.json	1077	4	0	0	0	0	0	0	0	9	0	0	0	0	0	0	0	0	0	0	24	77	0	0	0	0	0	0	0
fsh-generated/resources/ValueSet-HIV.E.DE225.json	1106	4	0	0	0	0	0	0	0	9	0	0	0	0	0	0	0	0	0	0	20	74	0	0	0	0	0	0	0
fsh-generated/resources/ValueSet-HIV.E.DE230.json	1157	4	1	0	0	0	0	0	0	9	0	0	0	0	0	0	0	0	0	0	22	81	0	0	0	0	0	0	0
fsh-generated/resources/ValueSet-HIV.E.DE234.json	1277	3	0	0	0	0	0	0	0	10	0	0	0	0	0	0	0	0	0	0	22	80	0	0	0	0	0	0	0
fsh-generated/resources/ValueSet-HIV.E.DE240.json	574	4	0	0	0	0	0	0	0	8	0	0	0	0	0	0	0	0	0	0	20	67	0	0	0	0	0	0	0
fsh-generated/resources/ValueSet-HIV.E.DE246.json	1451	4	0	0	0	0	0	0	0	9	0	0	0	0	0	0	0	0	0	0	33	87	0	0	0	0	0	0	0
fsh-generated/resources/ValueSet-HIV.E.DE255.json	1129	4	0	0	0	0	0	0	0	9	0	0	0	0	0	0	0	0	0	0	24	76	0	0	0	0	1	0	0
fsh-generated/resources/ValueSet-HIV.E.DE259.json	1113	4	0	0	0	0	0	0	0	10	0	0	0	0	0	0	0	0	0	0	21	80	0	0	0	0	0	0	0
fsh-generated/resources/ValueSet-HIV.E.DE264.json	1714	4	0	0	0	0	0	0	0	10	0	0	0	0	0	0	0	0	0	0	24	91	0	0	0	0	0	0	0
fsh-generated/resources/ValueSet-HIV.E.DE41.json	1144	4	0	0	0	0	0	0	0	9	0	0	0	0	0	0	0	0	0	0	22	78	0	0	0	0	0	0	0
fsh-generated/resources/ValueSet-HIV.E.DE47.json	1127	3	0	0	0	0	0	0	0	9	0	0	0	0	0	0	0	0	0	0	22	77	0	0	0	0	0	0	0
fsh-generated/resources/ValueSet-HIV.E.DE52.json	1080	4	0	0	0	0	0	0	0	9	0	0	0	0	0	0	0	0	0	0	21	74	0	0	0	0	0	0	0
fsh-generated/resources/ValueSet-HIV.E.DE6.json	1175	4	0	0	0	0	0	0	0	9	0	0	0	0	0	0	0	0	0	0	21	75	0	0	0	0	0	0	0
fsh-generated/resources/ValueSet-HIV.E.DE62.json	1094	4	1	0	0	0	0	0	0	8	0	0	0	0	0	0	0	0	0	0	22	75	0	0	0	0	1	0	0
fsh-generated/resources/ValueSet-HIV.E.DE67.json	1017	4	0	0	0	0	0	0	0	9	0	0	0	0	0	0	0	1	0	0	21	77	0	0	0	0	0	0	0
fsh-generated/resources/ValueSet-HIV.E.DE75.json	570	4	0	0	0	0	0	0	0	8	0	0	0	0	0	0	0	0	0	0	20	66	0	0	1	0	0	0	0
fsh-generated/resources/ValueSet-HIV.E.DE91.json	984	4	0	0	0	0	0	0	0	9	0	0	0	0	0	0	0	0	0	0	20	78	0	0	0	0	0	0	0
fsh-generated/resources/ValueSet-HIV.G.DE13.json	1128	3	0	0	0	0	0	0	1	8	0	0	0	0	0	0	0	0	0	0	22	75	0	0	0	0	0	0	0
fsh-generated/resources/ValueSet-HIV.G.DE18.json	1016	4	0	0	0	0	0	0	0	9	0	0	0	0	0	0	0	0	0	0	22	76	0	0	0	0	0	0	0
fsh-generated/resources/ValueSet-HIV.G.DE22.json	1339	4	0	0	0	0	0	0	0	9	0	0	0	0	0	0	0	0	0	0	22	80	0	0	0	0	0	0	0
fsh-generated/resources/ValueSet-HIV.G.DE29.json	939	4	0	0	0	0	0	0	0	8	0	0	0	0	0	0	0	0	0	0	25	73	0	0	0	0	1	0	0
fsh-generated/resources/ValueSet-HIV.G.DE35.json	1334	4	0	0	0	0	0	0	0	9	0	0	0	0	0	0	0	0	0	0	23	83	0	0	0	0	0	0	0
fsh-generated/resources/ValueSet-HIV.G.DE43.json	1050	4	0	0	0	0	0	0	0	9	0	0	0	0	0	0	0	0	0	0	20	83	0	0	0	0	0	0	0
fsh-generated/resources/ValueSet-HIV.G.DE48.json	942	4	0	0	0	0	0	0	0	9	0	0	0	0	0	0	0	0	0	0	23	76	0	0	0	1	0	0	0
fsh-generated/resources/ValueSet-HIV.G.DE51.json	939	4	0	0	0	0	0	0	0	9	0	0	0	0	0	0	0	0	0	0	21	73	0	0	0	0	0	0	0
fsh-generated/resources/ValueSet-HIV.G.DE55.json	1224	4	1	0	0	0	0	0	0	8	0	0	0	0	0	0	0	0	0	0	22	83	0	0	0	0	0	0	0
fsh-generated/resources/ValueSet-HIV.G.DE62.json	1328	4	0	0	0	0	0	0	0	9	0	0	0	0	0	0	0	0	0	0	22	79	0	0	0	0	0	0	0
fsh-generated/resources/ValueSet-HIV.G.DE70.json	1006	3	0	0	0	0	0	0	0	8	0	0	0	0	0	0	0	0	0	0	22	75	0	0	0	0	1	0	0
fsh-generated/resources/ValueSet-HIV.G.DE74.json	927	4	0	0	0	0	0	0	0	9	0	0	0	0	0	0	0	0	0	0	21	80	0	0	0	0	0	0	0
fsh-generated/resources/ValueSet-HIV.H.DE1.json	1472	4	0	0	0	0	0	0	0	10	0	0	0	0	0	0	0	0	0	0	23	87	0	0	0	0	0	0	0
fsh-generated/resources/ValueSet-HIV.H.DE13.json	1019	4	0	0	0	0	0	0	0	9	0	0	0	0	0	0	0	0	0	0	30	77	0	0	0	0	0	0	0
fsh-generated/resources/ValueSet-HIV.H.DE17.json	1169	4	0	0	0	0	0	0	0	10	0	0	0	0	0	0	0	0	0	0	22	76	0	0	0	0	0	0	0
fsh-generated/resources/ValueSet-HIV.H.DE23.json	1365	4	0	0	0	0	0	0	0	10	0	0	0	0	0	0	0	0	0	0	21	82	0	0	0	0	0	0	0
fsh-generated/resources/ValueSet-HIV.H.DE34.json	1069	4	0	0	0	0	0	0	0	9	0	0	0	0	0	0	0	0	0	0	21	78	0	0	0	0	0	0	0
fsh-generated/resources/ValueSet-HIV.H.DE41.json	1191	4	0	0	0	0	0	0	0	9	0	0	0	0	0	0	0	0	0	0	22	78	0	0	0	0	1	0	0
fsh-generated/resources/ValueSet-HIV.H.DE50.json	589	4	0	0	0	0	0	0	0	9	0	0	0	0	0	0	0	0	0	0	21	67	0	0	0	0	0	0	0
fsh-generated/resources/ValueSet-HIV.H.DE53.json	2507	4	1	0	0	0	0	0	1	10	0	0	0	0	0	0	0	0	0	0	27	109	0	0	0	0	0	0	0
fsh-generated/resources/ValueSet-HIV.H.DE74.json	1401	4	0	0	0	0	0	0	0	10	0	0	0	0	0	0	0	0	0	0	22	85	0	0	0	0	0	0	0
fsh-generated/resources/ValueSet-HIV.I.DE2.json	1352	4	0	0	0	0	0	0	0	9	0	0	0	0	0	0	0	0	0	0	23	81	0	0	0	0	0	0	0
fsh-generated/resources/ValueSet-HIV.PRV.DE11.json	1035	4	0	0	0	0	0	0	0	10	0	0	0	0	0	0	0	0	0	0	21	76	0	0	0	0	0	0	0
fsh-generated/resources/ValueSet-HIV.PRV.DE2.json	1312	4	0	0	0	0	0	0	0	9	0	0	0	0	0	0	0	0	0	0	23	85	0	0	0	0	1	0	0
